system:index,distance_to_landslide_m,exclusion_distance_m,landslide_target,random,sample_type,sampling_seed,.geo,reference_date,record_id,longitude,latitude
2009,17937.75286923133,1000,0,0.0004234378458233,background,2026,"{""type"":""Point"",""coordinates"":[94.81985024377579,28.577311606838983]}",2024-09-30,BG-0001,94.81985024377579,28.577311606838983
774,14170.77734437043,1000,0,0.0005886379839779,background,2026,"{""type"":""Point"",""coordinates"":[94.03005730155449,27.67226094341022]}",2021-09-20,BG-0002,94.03005730155449,27.67226094341022
1022,9348.672302650066,1000,0,0.0011697660211553,background,2026,"{""type"":""Point"",""coordinates"":[94.78903049303591,27.696639698705223]}",2024-06-15,BG-0003,94.78903049303591,27.696639698705223
930,5666.70422839416,1000,0,0.0013645651720813,background,2026,"{""type"":""Point"",""coordinates"":[90.88523542806686,25.186468407827366]}",2024-06-11,BG-0004,90.88523542806686,25.186468407827366
333,4050.182298275368,1000,0,0.0015600594721596,background,2026,"{""type"":""Point"",""coordinates"":[92.77226635288949,23.775721502892026]}",2023-04-03,BG-0005,92.77226635288949,23.775721502892026
2125,24117.29921987793,1000,0,0.0019490989897098,background,2026,"{""type"":""Point"",""coordinates"":[88.17192882841641,27.521687237166745]}",2024-05-28,BG-0006,88.17192882841641,27.521687237166745
2539,24369.067668190222,1000,0,0.0019523338717006,background,2026,"{""type"":""Point"",""coordinates"":[91.56090069900733,22.9516336266088]}",2024-06-15,BG-0007,91.56090069900733,22.9516336266088
172,23357.75304892846,1000,0,0.0024113579252363,background,2026,"{""type"":""Point"",""coordinates"":[92.83183333065165,27.099186020135466]}",2024-05-01,BG-0008,92.83183333065165,27.099186020135466
1520,13711.788644799632,1000,0,0.0025899352265033,background,2026,"{""type"":""Point"",""coordinates"":[93.77448235517792,27.715117151611246]}",2024-06-13,BG-0009,93.77448235517792,27.715117151611246
1931,14825.715694408518,1000,0,0.0028410941969108,background,2026,"{""type"":""Point"",""coordinates"":[91.92981606423115,25.100848804474836]}",2024-07-14,BG-0010,91.92981606423115,25.100848804474836
1999,16004.239396524845,1000,0,0.0029303449645102,background,2026,"{""type"":""Point"",""coordinates"":[95.79477345011298,28.376890747210265]}",2024-06-15,BG-0011,95.79477345011298,28.376890747210265
348,17735.585721031024,1000,0,0.0030757151691677,background,2026,"{""type"":""Point"",""coordinates"":[92.82474505885736,23.89872979175495]}",2024-08-18,BG-0012,92.82474505885736,23.89872979175495
404,18806.212298737883,1000,0,0.004413056929299,background,2026,"{""type"":""Point"",""coordinates"":[94.52253318695234,27.79377468605191]}",2023-06-23,BG-0013,94.52253318695234,27.79377468605191
2921,4535.537375316395,1000,0,0.0052957204361659,background,2026,"{""type"":""Point"",""coordinates"":[94.96077600995712,25.669117857265412]}",2024-06-11,BG-0014,94.96077600995712,25.669117857265412
2591,12708.67626575328,1000,0,0.0054942012510842,background,2026,"{""type"":""Point"",""coordinates"":[94.09999952953291,25.275015292101006]}",2024-06-18,BG-0015,94.09999952953291,25.275015292101006
820,10427.405249780602,1000,0,0.0067712469750444,background,2026,"{""type"":""Point"",""coordinates"":[88.52422398193004,27.730032833865216]}",2021-09-09,BG-0016,88.52422398193004,27.730032833865216
1893,17890.898793751967,1000,0,0.0069315999041553,background,2026,"{""type"":""Point"",""coordinates"":[94.02376624601547,25.475689547669027]}",2024-05-28,BG-0017,94.02376624601547,25.475689547669027
1488,11962.219744479064,1000,0,0.0070299031831383,background,2026,"{""type"":""Point"",""coordinates"":[92.67438905072252,26.93557641526493]}",2024-07-12,BG-0018,92.67438905072252,26.93557641526493
2652,1672.281116885189,1000,0,0.0070649840708738,background,2026,"{""type"":""Point"",""coordinates"":[94.76488246913063,28.81064975105835]}",2024-06-15,BG-0019,94.76488246913063,28.81064975105835
2904,3723.088049865016,1000,0,0.007173333197901,background,2026,"{""type"":""Point"",""coordinates"":[94.8462937880418,28.21881013863682]}",2023-06-23,BG-0020,94.8462937880418,28.21881013863682
270,24506.98252144947,1000,0,0.0073251257961212,background,2026,"{""type"":""Point"",""coordinates"":[91.59277699549804,25.101980453627416]}",2024-07-02,BG-0021,91.59277699549804,25.101980453627416
2020,15637.515262663632,1000,0,0.0079511435420748,background,2026,"{""type"":""Point"",""coordinates"":[94.28209046053857,28.306580825725213]}",2021-06-30,BG-0022,94.28209046053857,28.306580825725213
1560,17389.179721114357,1000,0,0.0083471014275348,background,2026,"{""type"":""Point"",""coordinates"":[94.66064216578148,28.679241729912757]}",2024-06-25,BG-0023,94.66064216578148,28.679241729912757
722,8361.646098431253,1000,0,0.0083576294634273,background,2026,"{""type"":""Point"",""coordinates"":[94.71510790322345,25.92897464522301]}",2021-06-18,BG-0024,94.71510790322345,25.92897464522301
622,17264.01390784552,1000,0,0.0088439276148671,background,2026,"{""type"":""Point"",""coordinates"":[95.63028539268794,28.14821437475521]}",2021-07-31,BG-0025,95.63028539268794,28.14821437475521
1747,2921.568197023323,1000,0,0.0093027454352672,background,2026,"{""type"":""Point"",""coordinates"":[92.98129024174324,25.201651998015265]}",2024-06-11,BG-0026,92.98129024174324,25.201651998015265
2177,18393.242505383176,1000,0,0.0094224875722936,background,2026,"{""type"":""Point"",""coordinates"":[91.63600169604956,25.141113328238976]}",2024-08-12,BG-0027,91.63600169604956,25.141113328238976
1732,15164.19630016112,1000,0,0.0094449338163282,background,2026,"{""type"":""Point"",""coordinates"":[92.6735451165003,24.794176057468608]}",2024-05-30,BG-0028,92.6735451165003,24.794176057468608
2671,21404.01717882386,1000,0,0.0103939952366349,background,2026,"{""type"":""Point"",""coordinates"":[92.92011849429544,27.499840889977897]}",2024-06-15,BG-0029,92.92011849429544,27.499840889977897
2791,21598.266297354545,1000,0,0.0114330749434181,background,2026,"{""type"":""Point"",""coordinates"":[95.97087509877774,28.140274265634837]}",2024-10-04,BG-0030,95.97087509877774,28.140274265634837
2240,24328.02765674933,1000,0,0.0116809449393122,background,2026,"{""type"":""Point"",""coordinates"":[90.86082758737312,25.420725143411836]}",2024-06-13,BG-0031,90.86082758737312,25.420725143411836
2603,10027.1592719494,1000,0,0.0118155419134091,background,2026,"{""type"":""Point"",""coordinates"":[92.33421332056709,23.82028129511027]}",2024-05-27,BG-0032,92.33421332056709,23.82028129511027
2318,15799.69063304768,1000,0,0.0124566434538057,background,2026,"{""type"":""Point"",""coordinates"":[93.18099294007999,25.309890097603134]}",2024-07-21,BG-0033,93.18099294007999,25.309890097603134
2130,7040.3564995697625,1000,0,0.0132427861712929,background,2026,"{""type"":""Point"",""coordinates"":[93.54215405022319,27.043986481973864]}",2023-06-17,BG-0034,93.54215405022319,27.043986481973864
1426,11005.631260475182,1000,0,0.0135591538207053,background,2026,"{""type"":""Point"",""coordinates"":[92.78844142918958,27.40632933557008]}",2024-05-28,BG-0035,92.78844142918958,27.40632933557008
2557,19592.095860814927,1000,0,0.0137230919675517,background,2026,"{""type"":""Point"",""coordinates"":[88.63956090331548,26.994641199061114]}",2024-07-01,BG-0036,88.63956090331548,26.994641199061114
2935,16037.853816092094,1000,0,0.0137705136294744,background,2026,"{""type"":""Point"",""coordinates"":[93.5790396361014,27.96222053220109]}",2024-07-02,BG-0037,93.5790396361014,27.96222053220109
2230,19549.029459992307,1000,0,0.0140175774970099,background,2026,"{""type"":""Point"",""coordinates"":[94.01014841258502,24.209041291851364]}",2021-07-31,BG-0038,94.01014841258502,24.209041291851364
881,11618.20217822497,1000,0,0.0141148128923958,background,2026,"{""type"":""Point"",""coordinates"":[93.14095937494217,24.646089873680218]}",2024-06-30,BG-0039,93.14095937494217,24.646089873680218
2700,8230.886779105402,1000,0,0.0144391423820834,background,2026,"{""type"":""Point"",""coordinates"":[92.81573203089945,22.730724991862548]}",2021-06-09,BG-0040,92.81573203089945,22.730724991862548
1802,20556.238223474287,1000,0,0.0145464518500337,background,2026,"{""type"":""Point"",""coordinates"":[93.28993575256465,25.08244182360667]}",2024-09-30,BG-0041,93.28993575256465,25.08244182360667
528,14222.779597180835,1000,0,0.0146953951499928,background,2026,"{""type"":""Point"",""coordinates"":[93.70324502296435,25.28956333041112]}",2024-05-28,BG-0042,93.70324502296435,25.28956333041112
29,1304.1886653355032,1000,0,0.0147836291660981,background,2026,"{""type"":""Point"",""coordinates"":[90.3371677635273,25.54373635809128]}",2024-06-15,BG-0043,90.3371677635273,25.54373635809128
786,8955.4525455481,1000,0,0.0153436495167681,background,2026,"{""type"":""Point"",""coordinates"":[92.4321066919585,25.030426179106684]}",2024-08-01,BG-0044,92.4321066919585,25.030426179106684
1841,22640.568309685663,1000,0,0.0153573773880013,background,2026,"{""type"":""Point"",""coordinates"":[92.91510538334433,24.743778187136417]}",2021-08-20,BG-0045,92.91510538334433,24.743778187136417
271,14095.7030515045,1000,0,0.0155351893323421,background,2026,"{""type"":""Point"",""coordinates"":[91.82034385542123,23.950403153841926]}",2024-08-20,BG-0046,91.82034385542123,23.950403153841926
886,21766.62084625821,1000,0,0.0158570640447288,background,2026,"{""type"":""Point"",""coordinates"":[91.90464752107226,23.28282418599643]}",2024-05-30,BG-0047,91.90464752107226,23.28282418599643
2103,11024.372368116654,1000,0,0.0160594373435416,background,2026,"{""type"":""Point"",""coordinates"":[94.34562705191321,26.339699871417302]}",2024-07-14,BG-0048,94.34562705191321,26.339699871417302
1585,23096.512926278938,1000,0,0.0163588217041851,background,2026,"{""type"":""Point"",""coordinates"":[94.8995576533819,25.492564521918528]}",2024-05-28,BG-0049,94.8995576533819,25.492564521918528
1950,22933.101988003305,1000,0,0.0164571070159168,background,2026,"{""type"":""Point"",""coordinates"":[94.56528456437721,28.707146866879505]}",2023-06-17,BG-0050,94.56528456437721,28.707146866879505
1718,15493.516071937416,1000,0,0.0165603467359359,background,2026,"{""type"":""Point"",""coordinates"":[93.00709755789708,25.341877672909405]}",2021-07-30,BG-0051,93.00709755789708,25.341877672909405
572,18873.49678710716,1000,0,0.0167479864440958,background,2026,"{""type"":""Point"",""coordinates"":[95.24534157834934,27.953768604062404]}",2023-04-03,BG-0052,95.24534157834934,27.953768604062404
933,13994.658540247576,1000,0,0.0167497997433898,background,2026,"{""type"":""Point"",""coordinates"":[93.96847711104263,27.87862532429929]}",2024-07-02,BG-0053,93.96847711104263,27.87862532429929
1874,8662.712523777453,1000,0,0.0168567372823433,background,2026,"{""type"":""Point"",""coordinates"":[92.84032923446681,22.157605121645812]}",2021-10-09,BG-0054,92.84032923446681,22.157605121645812
2694,3522.24180238761,1000,0,0.016924070995775,background,2026,"{""type"":""Point"",""coordinates"":[88.36015608236774,27.119836924951198]}",2024-05-28,BG-0055,88.36015608236774,27.119836924951198
550,6040.043010888891,1000,0,0.0179602825119266,background,2026,"{""type"":""Point"",""coordinates"":[88.68170968811276,27.411777671272024]}",2024-07-22,BG-0056,88.68170968811276,27.411777671272024
53,19480.78474319795,1000,0,0.0179612449312829,background,2026,"{""type"":""Point"",""coordinates"":[94.1697463675897,28.567530384574827]}",2024-06-29,BG-0057,94.1697463675897,28.567530384574827
2686,10043.810703741685,1000,0,0.0180848831682034,background,2026,"{""type"":""Point"",""coordinates"":[91.46142718016304,23.093065567758995]}",2024-08-06,BG-0058,91.46142718016304,23.093065567758995
236,17562.871293361928,1000,0,0.0187734459590456,background,2026,"{""type"":""Point"",""coordinates"":[94.33585596587577,24.527895425786024]}",2024-08-20,BG-0059,94.33585596587577,24.527895425786024
601,8992.620649366942,1000,0,0.0191419217589108,background,2026,"{""type"":""Point"",""coordinates"":[91.79974795392539,25.736693637162364]}",2023-06-23,BG-0060,91.79974795392539,25.736693637162364
1912,22180.02958917316,1000,0,0.019262349804168,background,2026,"{""type"":""Point"",""coordinates"":[92.93214470628305,24.684120437741186]}",2021-06-08,BG-0061,92.93214470628305,24.684120437741186
1421,7110.541117534604,1000,0,0.0197724216711465,background,2026,"{""type"":""Point"",""coordinates"":[93.90946778710064,25.70856566943345]}",2021-07-12,BG-0062,93.90946778710064,25.70856566943345
971,6821.033849732568,1000,0,0.0205100317659765,background,2026,"{""type"":""Point"",""coordinates"":[94.07896003798014,25.563814806841286]}",2021-02-17,BG-0063,94.07896003798014,25.563814806841286
2599,15328.327506006268,1000,0,0.0206456623416805,background,2026,"{""type"":""Point"",""coordinates"":[91.58370228843256,23.439993045887473]}",2024-08-14,BG-0064,91.58370228843256,23.439993045887473
1130,17295.395315146903,1000,0,0.0206552978519095,background,2026,"{""type"":""Point"",""coordinates"":[92.47571536743432,24.63720355449143]}",2021-08-26,BG-0065,92.47571536743432,24.63720355449143
1082,15276.274961999185,1000,0,0.0213661191306366,background,2026,"{""type"":""Point"",""coordinates"":[92.2325546144477,25.290225418209072]}",2024-10-01,BG-0066,92.2325546144477,25.290225418209072
2322,19110.25297431128,1000,0,0.0217216085840137,background,2026,"{""type"":""Point"",""coordinates"":[95.71940975150196,28.397857912370874]}",2024-05-28,BG-0067,95.71940975150196,28.397857912370874
2735,6922.299300144228,1000,0,0.0218165066604875,background,2026,"{""type"":""Point"",""coordinates"":[93.27708192624101,24.65959049576929]}",2024-08-23,BG-0068,93.27708192624101,24.65959049576929
328,4628.181694028003,1000,0,0.0219155001138454,background,2026,"{""type"":""Point"",""coordinates"":[88.48727940388746,27.455868602380193]}",2021-05-10,BG-0069,88.48727940388746,27.455868602380193
397,16972.881540105725,1000,0,0.0221756281147649,background,2026,"{""type"":""Point"",""coordinates"":[92.60754774994966,23.314046994525597]}",2024-07-05,BG-0070,92.60754774994966,23.314046994525597
2231,8769.666321995459,1000,0,0.0224035310398433,background,2026,"{""type"":""Point"",""coordinates"":[92.3585362081881,27.361786046666072]}",2024-05-28,BG-0071,92.3585362081881,27.361786046666072
639,18110.27659852541,1000,0,0.0225564179552358,background,2026,"{""type"":""Point"",""coordinates"":[94.08929275081948,24.68470191019637]}",2021-11-08,BG-0072,94.08929275081948,24.68470191019637
802,22126.78003969586,1000,0,0.0226935983873048,background,2026,"{""type"":""Point"",""coordinates"":[93.46272275268336,25.19732474446962]}",2024-08-18,BG-0073,93.46272275268336,25.19732474446962
969,3260.207311403317,1000,0,0.0227561289442329,background,2026,"{""type"":""Point"",""coordinates"":[93.3266344101554,27.269736128404183]}",2024-05-28,BG-0074,93.3266344101554,27.269736128404183
541,16436.14928569421,1000,0,0.0233354446552243,background,2026,"{""type"":""Point"",""coordinates"":[94.27735162464481,26.441348109872997]}",2024-07-22,BG-0075,94.27735162464481,26.441348109872997
2110,15489.879750833205,1000,0,0.0235052286398744,background,2026,"{""type"":""Point"",""coordinates"":[93.19742194119132,26.458570170141986]}",2024-08-06,BG-0076,93.19742194119132,26.458570170141986
908,21621.538437112664,1000,0,0.023559015254143,background,2026,"{""type"":""Point"",""coordinates"":[92.77740145311218,26.90193738894819]}",2024-08-01,BG-0077,92.77740145311218,26.90193738894819
1764,5378.737940456732,1000,0,0.0237196569278999,background,2026,"{""type"":""Point"",""coordinates"":[94.81159849014112,28.835782985349592]}",2023-08-04,BG-0078,94.81159849014112,28.835782985349592
2914,11758.134323754672,1000,0,0.0238073160946814,background,2026,"{""type"":""Point"",""coordinates"":[94.40085660257239,25.531515187843468]}",2024-06-19,BG-0079,94.40085660257239,25.531515187843468
190,15006.648442591448,1000,0,0.0240960384800298,background,2026,"{""type"":""Point"",""coordinates"":[95.59009069393245,27.253427800401838]}",2024-06-16,BG-0080,95.59009069393245,27.253427800401838
693,22461.98093286871,1000,0,0.0241766682418707,background,2026,"{""type"":""Point"",""coordinates"":[92.8204981670981,25.30848794994574]}",2024-05-27,BG-0081,92.8204981670981,25.30848794994574
1536,3298.7488296515367,1000,0,0.0243962883277468,background,2026,"{""type"":""Point"",""coordinates"":[90.28646146970343,25.58606774144786]}",2023-05-06,BG-0082,90.28646146970343,25.58606774144786
1462,3610.914486005857,1000,0,0.0244441118689675,background,2026,"{""type"":""Point"",""coordinates"":[93.3976203545861,24.773779893165504]}",2024-05-28,BG-0083,93.3976203545861,24.773779893165504
1715,19668.6348891616,1000,0,0.0245010264867653,background,2026,"{""type"":""Point"",""coordinates"":[91.4760130513932,22.994340235333357]}",2023-10-27,BG-0084,91.4760130513932,22.994340235333357
474,21564.215720129585,1000,0,0.0245721662010397,background,2026,"{""type"":""Point"",""coordinates"":[91.1144708586746,25.396746531448578]}",2024-06-15,BG-0085,91.1144708586746,25.396746531448578
2091,8264.738827026678,1000,0,0.0246240100921799,background,2026,"{""type"":""Point"",""coordinates"":[94.18142553889469,28.16862982866915]}",2021-08-25,BG-0086,94.18142553889469,28.16862982866915
40,15916.93579156051,1000,0,0.0250620709243669,background,2026,"{""type"":""Point"",""coordinates"":[93.56996935505829,27.97367923070843]}",2024-06-15,BG-0087,93.56996935505829,27.97367923070843
138,13866.673351926269,1000,0,0.0251376207553556,background,2026,"{""type"":""Point"",""coordinates"":[94.74276703568968,28.24019804026677]}",2023-06-12,BG-0088,94.74276703568968,28.24019804026677
2937,20270.64467280369,1000,0,0.0254160651643502,background,2026,"{""type"":""Point"",""coordinates"":[92.06589310824755,25.886321543961934]}",2024-08-01,BG-0089,92.06589310824755,25.886321543961934
2579,16384.42955017417,1000,0,0.025648572312899,background,2026,"{""type"":""Point"",""coordinates"":[94.30036056850822,27.388462133662344]}",2021-06-09,BG-0090,94.30036056850822,27.388462133662344
2743,11722.591949363768,1000,0,0.0260014784459183,background,2026,"{""type"":""Point"",""coordinates"":[91.34078263705923,25.17947764552399]}",2024-06-11,BG-0091,91.34078263705923,25.17947764552399
2501,1022.1218237002998,1000,0,0.0262284850600411,background,2026,"{""type"":""Point"",""coordinates"":[88.64656728265403,27.576485278840803]}",2024-06-17,BG-0092,88.64656728265403,27.576485278840803
2088,21676.07121221981,1000,0,0.0269190450179953,background,2026,"{""type"":""Point"",""coordinates"":[96.67884054418148,27.900235752448644]}",2024-05-28,BG-0093,96.67884054418148,27.900235752448644
2636,1982.6794956763845,1000,0,0.0269591919009339,background,2026,"{""type"":""Point"",""coordinates"":[91.86158668942376,25.383080521349836]}",2024-07-03,BG-0094,91.86158668942376,25.383080521349836
1470,23948.90255902089,1000,0,0.0269603713811575,background,2026,"{""type"":""Point"",""coordinates"":[91.48384689830216,23.525988737729445]}",2024-06-01,BG-0095,91.48384689830216,23.525988737729445
829,7476.694994234863,1000,0,0.0270918369665171,background,2026,"{""type"":""Point"",""coordinates"":[93.02708060674045,27.28105419631596]}",2021-06-16,BG-0096,93.02708060674045,27.28105419631596
1928,13658.87303828771,1000,0,0.0278353092852947,background,2026,"{""type"":""Point"",""coordinates"":[91.9796816296037,25.451637803098297]}",2024-07-02,BG-0097,91.9796816296037,25.451637803098297
623,22826.52587781835,1000,0,0.0284422632192704,background,2026,"{""type"":""Point"",""coordinates"":[92.60339965764204,25.220539355213962]}",2024-06-29,BG-0098,92.60339965764204,25.220539355213962
2863,9520.938493078402,1000,0,0.0284676405942301,background,2026,"{""type"":""Point"",""coordinates"":[93.83538138076831,25.875121644981665]}",2021-06-07,BG-0099,93.83538138076831,25.875121644981665
366,7564.0005948298785,1000,0,0.0285049687530675,background,2026,"{""type"":""Point"",""coordinates"":[88.39377594885121,27.052313501224244]}",2024-07-02,BG-0100,88.39377594885121,27.052313501224244
2991,6874.783306226514,1000,0,0.0306265739462832,background,2026,"{""type"":""Point"",""coordinates"":[90.437690728056,25.49225975754963]}",2024-05-16,BG-0101,90.437690728056,25.49225975754963
772,19092.789480652475,1000,0,0.0311833217709859,background,2026,"{""type"":""Point"",""coordinates"":[88.35532759081595,27.819406665586335]}",2023-06-18,BG-0102,88.35532759081595,27.819406665586335
2185,13371.60153981952,1000,0,0.0312771596735522,background,2026,"{""type"":""Point"",""coordinates"":[92.66128249227877,23.863022384623964]}",2024-06-15,BG-0103,92.66128249227877,23.863022384623964
112,19375.85164982521,1000,0,0.0315328566156329,background,2026,"{""type"":""Point"",""coordinates"":[88.74569598109034,27.826194875998286]}",2024-05-03,BG-0104,88.74569598109034,27.826194875998286
2711,9017.79173134165,1000,0,0.0316426027601748,background,2026,"{""type"":""Point"",""coordinates"":[92.24954876626119,27.251824035441523]}",2024-09-07,BG-0105,92.24954876626119,27.251824035441523
243,9536.268520011485,1000,0,0.0318202998992629,background,2026,"{""type"":""Point"",""coordinates"":[94.13771470436286,26.249021086587156]}",2024-08-01,BG-0106,94.13771470436286,26.249021086587156
384,24567.41782112272,1000,0,0.0319111181204759,background,2026,"{""type"":""Point"",""coordinates"":[90.49581174279446,25.767640137839006]}",2024-07-05,BG-0107,90.49581174279446,25.767640137839006
2229,2174.1523770489657,1000,0,0.0321080165903051,background,2026,"{""type"":""Point"",""coordinates"":[88.30407894462947,27.112991087359493]}",2024-06-17,BG-0108,88.30407894462947,27.112991087359493
2326,5272.341497247687,1000,0,0.032293973536838,background,2026,"{""type"":""Point"",""coordinates"":[93.10538284115968,24.71442343749401]}",2023-07-04,BG-0109,93.10538284115968,24.71442343749401
553,12450.51203992978,1000,0,0.0323596265886737,background,2026,"{""type"":""Point"",""coordinates"":[92.35444141593511,27.410774392927397]}",2024-05-28,BG-0110,92.35444141593511,27.410774392927397
2938,10671.110348513104,1000,0,0.0334939971103632,background,2026,"{""type"":""Point"",""coordinates"":[96.37363460155201,28.123379063564126]}",2024-06-15,BG-0111,96.37363460155201,28.123379063564126
364,15871.338343154888,1000,0,0.033865659939946,background,2026,"{""type"":""Point"",""coordinates"":[94.11096668485267,25.06086525263482]}",2024-06-15,BG-0112,94.11096668485267,25.06086525263482
2543,16094.563267051764,1000,0,0.0339957101072228,background,2026,"{""type"":""Point"",""coordinates"":[91.7077494821321,25.131165871108294]}",2024-10-01,BG-0113,91.7077494821321,25.131165871108294
157,17888.150104384,1000,0,0.0340081162271924,background,2026,"{""type"":""Point"",""coordinates"":[94.05218545840387,26.25983595237647]}",2024-07-02,BG-0114,94.05218545840387,26.25983595237647
2627,15590.9417978846,1000,0,0.0352565593086735,background,2026,"{""type"":""Point"",""coordinates"":[92.9598609555467,24.983467171229922]}",2021-07-14,BG-0115,92.9598609555467,24.983467171229922
2453,9176.578969545164,1000,0,0.0352601811347266,background,2026,"{""type"":""Point"",""coordinates"":[94.89954559214544,28.87038442577992]}",2024-07-29,BG-0116,94.89954559214544,28.87038442577992
258,20059.125865548795,1000,0,0.0354629208154029,background,2026,"{""type"":""Point"",""coordinates"":[88.86742216339707,27.57421572902798]}",2024-10-01,BG-0117,88.86742216339707,27.57421572902798
778,21244.77367582104,1000,0,0.0357439255452414,background,2026,"{""type"":""Point"",""coordinates"":[90.38999784161417,25.796960443065075]}",2024-06-15,BG-0118,90.38999784161417,25.796960443065075
726,23291.08358160879,1000,0,0.0357730762865952,background,2026,"{""type"":""Point"",""coordinates"":[90.65125803669173,25.573941286976623]}",2024-06-15,BG-0119,90.65125803669173,25.573941286976623
2281,5922.530049521068,1000,0,0.0360461624904231,background,2026,"{""type"":""Point"",""coordinates"":[93.86153497856586,24.74524598330144]}",2024-08-18,BG-0120,93.86153497856586,24.74524598330144
2534,8630.72904088424,1000,0,0.0365002531350961,background,2026,"{""type"":""Point"",""coordinates"":[92.21745064064817,27.19548066091717]}",2024-07-15,BG-0121,92.21745064064817,27.19548066091717
2943,10405.759511206965,1000,0,0.0366035488449988,background,2026,"{""type"":""Point"",""coordinates"":[92.39382454676755,25.256252295207734]}",2024-10-05,BG-0122,92.39382454676755,25.256252295207734
1619,12504.220313866805,1000,0,0.0367629445522312,background,2026,"{""type"":""Point"",""coordinates"":[94.46761689752702,28.457285950228215]}",2024-05-30,BG-0123,94.46761689752702,28.457285950228215
2429,23985.989270512426,1000,0,0.0369069666646667,background,2026,"{""type"":""Point"",""coordinates"":[92.1029942714586,25.9828670389093]}",2024-06-29,BG-0124,92.1029942714586,25.9828670389093
2478,10383.34223632462,1000,0,0.0371359802284483,background,2026,"{""type"":""Point"",""coordinates"":[90.52316301246769,25.548411096149056]}",2024-06-25,BG-0125,90.52316301246769,25.548411096149056
1105,4190.034453207508,1000,0,0.0374068288801602,background,2026,"{""type"":""Point"",""coordinates"":[94.00679381274799,25.13361496950988]}",2024-07-02,BG-0126,94.00679381274799,25.13361496950988
1877,15480.820489197442,1000,0,0.0374986624525798,background,2026,"{""type"":""Point"",""coordinates"":[91.67888598654993,23.706127790820304]}",2023-06-23,BG-0127,91.67888598654993,23.706127790820304
2574,14367.727857908783,1000,0,0.03829966764348,background,2026,"{""type"":""Point"",""coordinates"":[94.82160113686628,25.559924734930526]}",2024-06-15,BG-0128,94.82160113686628,25.559924734930526
2719,4403.744373888717,1000,0,0.0388049288847308,background,2026,"{""type"":""Point"",""coordinates"":[91.98329069063031,25.22618421632594]}",2021-06-22,BG-0129,91.98329069063031,25.22618421632594
433,6571.487961292589,1000,0,0.039310885037245,background,2026,"{""type"":""Point"",""coordinates"":[93.76757927852736,25.18245496668109]}",2024-06-11,BG-0130,93.76757927852736,25.18245496668109
1139,8485.86638775549,1000,0,0.0398332045702681,background,2026,"{""type"":""Point"",""coordinates"":[88.46527075823542,27.80393642643048]}",2023-06-11,BG-0131,88.46527075823542,27.80393642643048
2798,2497.3082961473533,1000,0,0.0398858663740905,background,2026,"{""type"":""Point"",""coordinates"":[92.70000675164562,23.43640071578731]}",2021-07-30,BG-0132,92.70000675164562,23.43640071578731
5,13424.766081055932,1000,0,0.0402164325190282,background,2026,"{""type"":""Point"",""coordinates"":[93.36231925401098,24.91650594204416]}",2024-07-05,BG-0133,93.36231925401098,24.91650594204416
1588,19059.49734636436,1000,0,0.040507771199057,background,2026,"{""type"":""Point"",""coordinates"":[94.06601326646867,27.550855322702326]}",2024-06-15,BG-0134,94.06601326646867,27.550855322702326
459,23305.983604437934,1000,0,0.0406960249581384,background,2026,"{""type"":""Point"",""coordinates"":[91.26158212440464,23.303738323290542]}",2021-07-08,BG-0135,91.26158212440464,23.303738323290542
659,14818.777995860952,1000,0,0.0409045117086593,background,2026,"{""type"":""Point"",""coordinates"":[91.65853349363209,24.005396681945086]}",2024-09-07,BG-0136,91.65853349363209,24.005396681945086
1686,22988.122932821752,1000,0,0.0411345206278116,background,2026,"{""type"":""Point"",""coordinates"":[95.55437713281141,27.408870747173875]}",2023-06-12,BG-0137,95.55437713281141,27.408870747173875
1362,22844.21762671558,1000,0,0.0414724167327928,background,2026,"{""type"":""Point"",""coordinates"":[92.9855527240197,26.74740628104224]}",2024-06-29,BG-0138,92.9855527240197,26.74740628104224
1534,16415.46884225792,1000,0,0.0427102589587632,background,2026,"{""type"":""Point"",""coordinates"":[91.71386086414972,25.857482056553113]}",2024-06-29,BG-0139,91.71386086414972,25.857482056553113
223,14181.820861965096,1000,0,0.0428397896930744,background,2026,"{""type"":""Point"",""coordinates"":[94.82551500999742,28.002272587780293]}",2023-10-27,BG-0140,94.82551500999742,28.002272587780293
1632,17130.139219536293,1000,0,0.0428841286033355,background,2026,"{""type"":""Point"",""coordinates"":[92.9144003886738,23.836019506801655]}",2024-05-27,BG-0141,92.9144003886738,23.836019506801655
2763,5590.52552180118,1000,0,0.0437206255839847,background,2026,"{""type"":""Point"",""coordinates"":[93.87804174397375,24.041865853936986]}",2024-05-28,BG-0142,93.87804174397375,24.041865853936986
1052,18275.36304552808,1000,0,0.0440284366753673,background,2026,"{""type"":""Point"",""coordinates"":[93.4967549686804,25.161260311805727]}",2024-08-23,BG-0143,93.4967549686804,25.161260311805727
1897,16458.983057676942,1000,0,0.0441706642287788,background,2026,"{""type"":""Point"",""coordinates"":[94.86987645728205,27.85215273272184]}",2024-07-29,BG-0144,94.86987645728205,27.85215273272184
2127,20647.534974595383,1000,0,0.0445554802587994,background,2026,"{""type"":""Point"",""coordinates"":[92.04336980293344,27.696904532225496]}",2021-07-19,BG-0145,92.04336980293344,27.696904532225496
2606,3314.7410899486445,1000,0,0.0446608397824278,background,2026,"{""type"":""Point"",""coordinates"":[93.79264856116748,24.545311894379754]}",2024-07-03,BG-0146,93.79264856116748,24.545311894379754
2775,7725.366392225761,1000,0,0.0447332847941066,background,2026,"{""type"":""Point"",""coordinates"":[88.33747964108957,27.042385209552315]}",2023-07-27,BG-0147,88.33747964108957,27.042385209552315
2222,16269.24398861512,1000,0,0.0453036785170796,background,2026,"{""type"":""Point"",""coordinates"":[94.87632014967562,28.079864272143897]}",2021-08-26,BG-0148,94.87632014967562,28.079864272143897
2655,11314.842181371869,1000,0,0.0463603090052417,background,2026,"{""type"":""Point"",""coordinates"":[94.94573875639405,26.118528789027483]}",2021-11-08,BG-0149,94.94573875639405,26.118528789027483
2244,12607.534446950982,1000,0,0.0469211389628073,background,2026,"{""type"":""Point"",""coordinates"":[95.05309659672348,28.034077042457643]}",2024-10-04,BG-0150,95.05309659672348,28.034077042457643
2040,7360.503137440927,1000,0,0.0470914185627255,background,2026,"{""type"":""Point"",""coordinates"":[92.82071511864423,22.16750814756493]}",2021-05-31,BG-0151,92.82071511864423,22.16750814756493
281,3996.643709890062,1000,0,0.0471922795612672,background,2026,"{""type"":""Point"",""coordinates"":[88.42406332094056,27.234707317841536]}",2023-06-18,BG-0152,88.42406332094056,27.234707317841536
2370,11378.897896579829,1000,0,0.0478020685247638,background,2026,"{""type"":""Point"",""coordinates"":[92.63592361117995,25.022701044349013]}",2021-08-13,BG-0153,92.63592361117995,25.022701044349013
2604,8200.706096096877,1000,0,0.0479588264420725,background,2026,"{""type"":""Point"",""coordinates"":[93.47490483018831,24.910615006213458]}",2024-07-02,BG-0154,93.47490483018831,24.910615006213458
2464,20089.62069720549,1000,0,0.0480580566850423,background,2026,"{""type"":""Point"",""coordinates"":[95.63153147854021,28.106354015914707]}",2024-06-15,BG-0155,95.63153147854021,28.106354015914707
2406,7686.589414138812,1000,0,0.0482383022384546,background,2026,"{""type"":""Point"",""coordinates"":[95.67402668664876,26.94073405613013]}",2021-11-08,BG-0156,95.67402668664876,26.94073405613013
2684,14287.51877822458,1000,0,0.0483106553308168,background,2026,"{""type"":""Point"",""coordinates"":[92.02991716834676,25.756177444080645]}",2021-08-20,BG-0157,92.02991716834676,25.756177444080645
227,23529.17775847544,1000,0,0.048354908437792,background,2026,"{""type"":""Point"",""coordinates"":[88.30158207551936,27.57749433392584]}",2024-06-15,BG-0158,88.30158207551936,27.57749433392584
1938,6988.044467603173,1000,0,0.0483901811537549,background,2026,"{""type"":""Point"",""coordinates"":[93.00359706736897,27.261089588459622]}",2024-06-15,BG-0159,93.00359706736897,27.261089588459622
837,18832.376765171688,1000,0,0.0484051829847023,background,2026,"{""type"":""Point"",""coordinates"":[94.25930677831857,24.505406679841187]}",2021-08-13,BG-0160,94.25930677831857,24.505406679841187
324,23650.96436761537,1000,0,0.0484907120222045,background,2026,"{""type"":""Point"",""coordinates"":[92.59958411867628,24.203969567277895]}",2021-07-19,BG-0161,92.59958411867628,24.203969567277895
880,2922.798620696949,1000,0,0.0488835905279522,background,2026,"{""type"":""Point"",""coordinates"":[91.55094400516415,23.303776439184357]}",2021-07-31,BG-0162,91.55094400516415,23.303776439184357
1337,20479.118647970216,1000,0,0.0492974045668476,background,2026,"{""type"":""Point"",""coordinates"":[91.57760907987692,26.324735452539954]}",2024-06-15,BG-0163,91.57760907987692,26.324735452539954
2172,23563.196911346786,1000,0,0.0493510782989896,background,2026,"{""type"":""Point"",""coordinates"":[88.63074288694571,26.85278956081197]}",2024-09-30,BG-0164,88.63074288694571,26.85278956081197
1906,4201.432902304405,1000,0,0.049632249567151,background,2026,"{""type"":""Point"",""coordinates"":[92.64076210345527,23.455757978671137]}",2024-06-15,BG-0165,92.64076210345527,23.455757978671137
2169,16059.54171468713,1000,0,0.0496885978620686,background,2026,"{""type"":""Point"",""coordinates"":[95.06358797859748,28.801103552402846]}",2024-06-15,BG-0166,95.06358797859748,28.801103552402846
2995,23791.713598146584,1000,0,0.0504687094209523,background,2026,"{""type"":""Point"",""coordinates"":[91.84981057632213,24.31769307868538]}",2024-06-15,BG-0167,91.84981057632213,24.31769307868538
1755,21226.95637874457,1000,0,0.0506418559744351,background,2026,"{""type"":""Point"",""coordinates"":[95.39828898495307,26.85899274189254]}",2024-06-15,BG-0168,95.39828898495307,26.85899274189254
579,23440.46645438721,1000,0,0.0506962280886682,background,2026,"{""type"":""Point"",""coordinates"":[92.15955057546249,27.354202886308038]}",2024-10-04,BG-0169,92.15955057546249,27.354202886308038
2941,22726.98848961807,1000,0,0.0511513031019074,background,2026,"{""type"":""Point"",""coordinates"":[91.96558747678483,24.307949894020147]}",2024-07-14,BG-0170,91.96558747678483,24.307949894020147
367,19205.874873486264,1000,0,0.0512282041231234,background,2026,"{""type"":""Point"",""coordinates"":[95.2413646496476,27.951310382865117]}",2024-09-06,BG-0171,95.2413646496476,27.951310382865117
641,12389.273452395217,1000,0,0.0517848213165665,background,2026,"{""type"":""Point"",""coordinates"":[94.52429303770974,27.865907385160575]}",2024-08-12,BG-0172,94.52429303770974,27.865907385160575
2666,5381.338151438748,1000,0,0.0527565663907064,background,2026,"{""type"":""Point"",""coordinates"":[92.60782790549978,27.23130757177408]}",2021-02-17,BG-0173,92.60782790549978,27.23130757177408
2903,20263.333776760894,1000,0,0.0528627207786694,background,2026,"{""type"":""Point"",""coordinates"":[88.80037973152577,27.770686268886383]}",2024-06-17,BG-0174,88.80037973152577,27.770686268886383
1279,17390.576667398604,1000,0,0.0532506428351119,background,2026,"{""type"":""Point"",""coordinates"":[94.0869446424743,24.701621175443798]}",2023-07-09,BG-0175,94.0869446424743,24.701621175443798
1061,11851.411638125826,1000,0,0.0535330944888707,background,2026,"{""type"":""Point"",""coordinates"":[94.67708636223499,26.177458977554185]}",2024-08-04,BG-0176,94.67708636223499,26.177458977554185
699,4721.443937973216,1000,0,0.0540057074740147,background,2026,"{""type"":""Point"",""coordinates"":[92.5866380006562,27.142872778117987]}",2024-05-28,BG-0177,92.5866380006562,27.142872778117987
1689,21863.760315642965,1000,0,0.0541261476515891,background,2026,"{""type"":""Point"",""coordinates"":[94.36043506110184,28.283721385927446]}",2024-05-28,BG-0178,94.36043506110184,28.283721385927446
2527,15910.10883100258,1000,0,0.054904020150902,background,2026,"{""type"":""Point"",""coordinates"":[94.56937983589516,25.506723557007646]}",2024-06-29,BG-0179,94.56937983589516,25.506723557007646
2608,19410.915074284272,1000,0,0.0551887112327154,background,2026,"{""type"":""Point"",""coordinates"":[88.57708355812348,28.036904500170856]}",2023-03-26,BG-0180,88.57708355812348,28.036904500170856
2116,18698.092849521665,1000,0,0.0554568234664528,background,2026,"{""type"":""Point"",""coordinates"":[96.75252877317284,28.037279054630346]}",2023-06-23,BG-0181,96.75252877317284,28.037279054630346
2473,5639.517269389149,1000,0,0.0566175420816936,background,2026,"{""type"":""Point"",""coordinates"":[93.99035279876333,25.692688277282016]}",2021-06-18,BG-0182,93.99035279876333,25.692688277282016
914,20224.23134290213,1000,0,0.0569099450608706,background,2026,"{""type"":""Point"",""coordinates"":[94.10691163239908,24.801523804607708]}",2021-04-28,BG-0183,94.10691163239908,24.801523804607708
2086,19619.71592001741,1000,0,0.057153029332767,background,2026,"{""type"":""Point"",""coordinates"":[95.56049996680943,27.20121100638163]}",2021-06-16,BG-0184,95.56049996680943,27.20121100638163
2910,3382.8958562908515,1000,0,0.0574324879053836,background,2026,"{""type"":""Point"",""coordinates"":[92.85913157979527,25.103414312422323]}",2021-07-08,BG-0185,92.85913157979527,25.103414312422323
2564,9885.467197310789,1000,0,0.0574394547011997,background,2026,"{""type"":""Point"",""coordinates"":[93.66796061136655,25.540055198645096]}",2021-09-09,BG-0186,93.66796061136655,25.540055198645096
1746,22806.62265272223,1000,0,0.0574499626612194,background,2026,"{""type"":""Point"",""coordinates"":[93.05871444871438,23.596593129602304]}",2021-07-30,BG-0187,93.05871444871438,23.596593129602304
1108,2435.8143319620704,1000,0,0.0578584948624523,background,2026,"{""type"":""Point"",""coordinates"":[88.44361471765248,27.290224293247338]}",2024-08-07,BG-0188,88.44361471765248,27.290224293247338
280,12489.20493886117,1000,0,0.0589539896719856,background,2026,"{""type"":""Point"",""coordinates"":[94.64323127012003,27.615102490668747]}",2024-07-05,BG-0189,94.64323127012003,27.615102490668747
2214,19760.203320945737,1000,0,0.0595358473143546,background,2026,"{""type"":""Point"",""coordinates"":[95.47559743607835,28.111451592438595]}",2024-06-11,BG-0190,95.47559743607835,28.111451592438595
2285,18106.243966234524,1000,0,0.0598255579225416,background,2026,"{""type"":""Point"",""coordinates"":[93.56301653505282,28.011899116267596]}",2024-06-15,BG-0191,93.56301653505282,28.011899116267596
2801,22964.0280904564,1000,0,0.0600271672911453,background,2026,"{""type"":""Point"",""coordinates"":[93.16013465982674,26.372269375668896]}",2024-07-22,BG-0192,93.16013465982674,26.372269375668896
117,15928.418250379273,1000,0,0.0600588369769619,background,2026,"{""type"":""Point"",""coordinates"":[91.55024495582944,23.454763625703535]}",2024-06-15,BG-0193,91.55024495582944,23.454763625703535
391,7210.514837718912,1000,0,0.0600711992004109,background,2026,"{""type"":""Point"",""coordinates"":[91.65073513362469,25.55715608770064]}",2024-07-02,BG-0194,91.65073513362469,25.55715608770064
2361,15049.878556410007,1000,0,0.0601917109766286,background,2026,"{""type"":""Point"",""coordinates"":[94.07550353674574,24.99918013325707]}",2024-08-07,BG-0195,94.07550353674574,24.99918013325707
1161,18920.74072458967,1000,0,0.0604720031767491,background,2026,"{""type"":""Point"",""coordinates"":[93.25095521257532,25.060809809610106]}",2021-06-27,BG-0196,93.25095521257532,25.060809809610106
2416,3045.613609415564,1000,0,0.0613946695968802,background,2026,"{""type"":""Point"",""coordinates"":[94.77708293594672,28.838282729066705]}",2021-07-30,BG-0197,94.77708293594672,28.838282729066705
468,24393.954426988614,1000,0,0.0614652526408761,background,2026,"{""type"":""Point"",""coordinates"":[94.8919550211949,26.448569048681424]}",2021-07-30,BG-0198,94.8919550211949,26.448569048681424
2641,9642.92199179881,1000,0,0.0615896957864258,background,2026,"{""type"":""Point"",""coordinates"":[94.18068061669143,27.60553874562107]}",2024-05-28,BG-0199,94.18068061669143,27.60553874562107
776,5480.4848120192255,1000,0,0.0617529653191861,background,2026,"{""type"":""Point"",""coordinates"":[88.47508411908873,27.46077154482609]}",2024-07-26,BG-0200,88.47508411908873,27.46077154482609
637,8517.95481755787,1000,0,0.0635261684972631,background,2026,"{""type"":""Point"",""coordinates"":[91.94648942892577,25.97413290421648]}",2024-06-29,BG-0201,91.94648942892577,25.97413290421648
580,5281.330408625782,1000,0,0.0637907615192837,background,2026,"{""type"":""Point"",""coordinates"":[95.08810498082983,28.094749730806907]}",2023-08-10,BG-0202,95.08810498082983,28.094749730806907
1363,5165.692452498394,1000,0,0.0643441615122007,background,2026,"{""type"":""Point"",""coordinates"":[93.09067845262727,25.13960058733947]}",2024-05-28,BG-0203,93.09067845262727,25.13960058733947
2560,11985.61366441788,1000,0,0.065112049197612,background,2026,"{""type"":""Point"",""coordinates"":[92.86903129447789,23.7977178707116]}",2024-06-30,BG-0204,92.86903129447789,23.7977178707116
1192,8145.43826937959,1000,0,0.0651837230741079,background,2026,"{""type"":""Point"",""coordinates"":[91.95474551878202,25.751147876184664]}",2024-08-07,BG-0205,91.95474551878202,25.751147876184664
398,24055.262714092616,1000,0,0.065496170048462,background,2026,"{""type"":""Point"",""coordinates"":[91.98937743503532,23.39790971188743]}",2023-06-18,BG-0206,91.98937743503532,23.39790971188743
2908,18562.38495461368,1000,0,0.0656704271852801,background,2026,"{""type"":""Point"",""coordinates"":[94.12406580162633,26.421592840523957]}",2024-06-30,BG-0207,94.12406580162633,26.421592840523957
2797,5174.184856152034,1000,0,0.0658665653291807,background,2026,"{""type"":""Point"",""coordinates"":[94.27904375519837,27.488065597783326]}",2024-07-04,BG-0208,94.27904375519837,27.488065597783326
2716,18473.27429597965,1000,0,0.0659580334691282,background,2026,"{""type"":""Point"",""coordinates"":[94.13251593064426,25.96039687875213]}",2024-06-30,BG-0209,94.13251593064426,25.96039687875213
1782,7497.094333832529,1000,0,0.0660915239394258,background,2026,"{""type"":""Point"",""coordinates"":[93.97936310586353,25.198362804786385]}",2023-08-20,BG-0210,93.97936310586353,25.198362804786385
1953,19733.74631317785,1000,0,0.0682794431028274,background,2026,"{""type"":""Point"",""coordinates"":[94.33916512717563,28.279782549764363]}",2024-06-30,BG-0211,94.33916512717563,28.279782549764363
2967,6691.909610460703,1000,0,0.069007362040279,background,2026,"{""type"":""Point"",""coordinates"":[93.83186387520593,24.464243093388017]}",2024-06-15,BG-0212,93.83186387520593,24.464243093388017
1278,24373.49486251329,1000,0,0.0690211100962532,background,2026,"{""type"":""Point"",""coordinates"":[94.44734700330787,27.746624504711665]}",2021-08-24,BG-0213,94.44734700330787,27.746624504711665
1896,16529.319135575886,1000,0,0.0696522426169079,background,2026,"{""type"":""Point"",""coordinates"":[95.81369151499617,27.004571216179272]}",2024-08-23,BG-0214,95.81369151499617,27.004571216179272
1020,9639.296497692369,1000,0,0.0703531612641451,background,2026,"{""type"":""Point"",""coordinates"":[91.28518967650717,25.151078003512822]}",2024-07-22,BG-0215,91.28518967650717,25.151078003512822
54,21183.03388376311,1000,0,0.0703678133704472,background,2026,"{""type"":""Point"",""coordinates"":[94.5715089964679,28.56557703417367]}",2024-05-28,BG-0216,94.5715089964679,28.56557703417367
2255,17641.153377238417,1000,0,0.0703934602632231,background,2026,"{""type"":""Point"",""coordinates"":[88.50185836183802,26.800977979443687]}",2024-10-04,BG-0217,88.50185836183802,26.800977979443687
1920,14316.17163090993,1000,0,0.0707426086561437,background,2026,"{""type"":""Point"",""coordinates"":[92.87896895129931,22.19930742019127]}",2024-06-01,BG-0218,92.87896895129931,22.19930742019127
292,20312.65183951515,1000,0,0.0732263106221684,background,2026,"{""type"":""Point"",""coordinates"":[92.95961321159412,23.848401189877286]}",2021-11-08,BG-0219,92.95961321159412,23.848401189877286
2601,24950.96586174379,1000,0,0.0736657375448989,background,2026,"{""type"":""Point"",""coordinates"":[95.99736946073051,27.162180201966617]}",2024-06-16,BG-0220,95.99736946073051,27.162180201966617
2428,21859.2027138467,1000,0,0.0737625120291738,background,2026,"{""type"":""Point"",""coordinates"":[92.85648465714445,24.023074103719424]}",2024-06-15,BG-0221,92.85648465714445,24.023074103719424
2484,11856.515853876168,1000,0,0.0744011619325765,background,2026,"{""type"":""Point"",""coordinates"":[92.2351556395451,23.852812866394995]}",2024-07-21,BG-0222,92.2351556395451,23.852812866394995
543,7228.474953163057,1000,0,0.0745836161137611,background,2026,"{""type"":""Point"",""coordinates"":[90.35510706176937,25.253594980147135]}",2024-08-04,BG-0223,90.35510706176937,25.253594980147135
199,23119.24763626354,1000,0,0.0746212870865177,background,2026,"{""type"":""Point"",""coordinates"":[94.54794747643112,28.39209779918522]}",2024-07-01,BG-0224,94.54794747643112,28.39209779918522
2381,21061.14039242636,1000,0,0.0747059318308451,background,2026,"{""type"":""Point"",""coordinates"":[92.47315622055349,23.712148530285145]}",2024-05-28,BG-0225,92.47315622055349,23.712148530285145
1754,8758.109399261382,1000,0,0.07483337991547,background,2026,"{""type"":""Point"",""coordinates"":[92.40088021852448,25.009608658103193]}",2024-09-30,BG-0226,92.40088021852448,25.009608658103193
1208,4578.739273249186,1000,0,0.075205441403902,background,2026,"{""type"":""Point"",""coordinates"":[94.32579194259947,28.49300290024787]}",2023-08-26,BG-0227,94.32579194259947,28.49300290024787
887,13342.567069497876,1000,0,0.0756029549379991,background,2026,"{""type"":""Point"",""coordinates"":[88.777353158556,27.52593329710312]}",2024-06-15,BG-0228,88.777353158556,27.52593329710312
1473,3869.992845639635,1000,0,0.075986011642037,background,2026,"{""type"":""Point"",""coordinates"":[92.84573791768749,23.72245084750847]}",2024-05-28,BG-0229,92.84573791768749,23.72245084750847
2155,17040.22364623395,1000,0,0.0762419451125308,background,2026,"{""type"":""Point"",""coordinates"":[92.98680738635755,23.59035562734751]}",2021-07-31,BG-0230,92.98680738635755,23.59035562734751
832,10544.343662850864,1000,0,0.0762606554877926,background,2026,"{""type"":""Point"",""coordinates"":[91.5429134072801,25.2939914277883]}",2024-06-30,BG-0231,91.5429134072801,25.2939914277883
294,24963.4957459424,1000,0,0.0763422596216718,background,2026,"{""type"":""Point"",""coordinates"":[96.81455259364458,28.024098273751235]}",2024-06-15,BG-0232,96.81455259364458,28.024098273751235
56,3898.897630733272,1000,0,0.0769584655608978,background,2026,"{""type"":""Point"",""coordinates"":[91.78473421691373,23.40041759608336]}",2024-08-01,BG-0233,91.78473421691373,23.40041759608336
1709,18958.810546060573,1000,0,0.0773140150976831,background,2026,"{""type"":""Point"",""coordinates"":[92.79775097392891,26.994584093471985]}",2024-06-15,BG-0234,92.79775097392891,26.994584093471985
1778,15878.013261660431,1000,0,0.0783039558453779,background,2026,"{""type"":""Point"",""coordinates"":[95.12596108452112,28.66132628578457]}",2021-06-30,BG-0235,95.12596108452112,28.66132628578457
784,3129.8351508956707,1000,0,0.0787846994741615,background,2026,"{""type"":""Point"",""coordinates"":[93.41178527757083,27.870434163016334]}",2024-08-28,BG-0236,93.41178527757083,27.870434163016334
55,15252.495770581363,1000,0,0.0791831989292946,background,2026,"{""type"":""Point"",""coordinates"":[92.25980580885233,27.318458949063604]}",2024-08-01,BG-0237,92.25980580885233,27.318458949063604
2705,22785.9020710496,1000,0,0.0792154119366718,background,2026,"{""type"":""Point"",""coordinates"":[88.2604649776888,26.786741833736368]}",2021-07-30,BG-0238,88.2604649776888,26.786741833736368
1303,6554.822821259121,1000,0,0.0793753355620046,background,2026,"{""type"":""Point"",""coordinates"":[92.85852900582944,27.315017094891214]}",2021-08-17,BG-0239,92.85852900582944,27.315017094891214
2394,24328.44227899356,1000,0,0.0797600724408587,background,2026,"{""type"":""Point"",""coordinates"":[88.30484703155146,27.90476680895552]}",2024-10-04,BG-0240,88.30484703155146,27.90476680895552
872,4050.189440576297,1000,0,0.0799196122444586,background,2026,"{""type"":""Point"",""coordinates"":[93.29334673105686,24.7598451167445]}",2021-07-19,BG-0241,93.29334673105686,24.7598451167445
195,22284.58148187017,1000,0,0.0800438221060597,background,2026,"{""type"":""Point"",""coordinates"":[92.97636355949737,25.400834558083986]}",2024-07-22,BG-0242,92.97636355949737,25.400834558083986
920,19320.6866343444,1000,0,0.0809131500567096,background,2026,"{""type"":""Point"",""coordinates"":[94.67458766355468,28.09499014700142]}",2021-08-08,BG-0243,94.67458766355468,28.09499014700142
2258,4926.14786923685,1000,0,0.0810545257782722,background,2026,"{""type"":""Point"",""coordinates"":[94.90924743490247,25.739442463730267]}",2024-09-03,BG-0244,94.90924743490247,25.739442463730267
2263,1071.5631367964925,1000,0,0.0812270791969727,background,2026,"{""type"":""Point"",""coordinates"":[93.63020056412643,27.08936310574472]}",2024-06-30,BG-0245,93.63020056412643,27.08936310574472
2153,19666.813580559963,1000,0,0.0815970882304102,background,2026,"{""type"":""Point"",""coordinates"":[92.83121020033693,23.33958509344813]}",2024-07-14,BG-0246,92.83121020033693,23.33958509344813
698,21532.5826672636,1000,0,0.0816897476225719,background,2026,"{""type"":""Point"",""coordinates"":[92.13603742748657,23.90060286272936]}",2024-07-04,BG-0247,92.13603742748657,23.90060286272936
870,2610.1569309565216,1000,0,0.0819013933053567,background,2026,"{""type"":""Point"",""coordinates"":[93.78506857836824,25.54547174941736]}",2024-06-15,BG-0248,93.78506857836824,25.54547174941736
430,23338.865384292578,1000,0,0.0821534228497248,background,2026,"{""type"":""Point"",""coordinates"":[88.12462303131855,26.932818888619398]}",2024-05-28,BG-0249,88.12462303131855,26.932818888619398
2829,6153.973983010285,1000,0,0.0824315276359367,background,2026,"{""type"":""Point"",""coordinates"":[92.61056259298944,23.94801389450774]}",2023-10-27,BG-0250,92.61056259298944,23.94801389450774
905,18304.91381709944,1000,0,0.0824415372161012,background,2026,"{""type"":""Point"",""coordinates"":[95.0757709169432,25.59982511042306]}",2024-06-15,BG-0251,95.0757709169432,25.59982511042306
2180,17257.636387903283,1000,0,0.0824582636652664,background,2026,"{""type"":""Point"",""coordinates"":[88.66857550707908,27.976402078448263]}",2024-06-15,BG-0252,88.66857550707908,27.976402078448263
1985,7513.111596588446,1000,0,0.082566274736425,background,2026,"{""type"":""Point"",""coordinates"":[92.63198934433828,27.17586104616839]}",2024-05-16,BG-0253,92.63198934433828,27.17586104616839
120,3426.855058922076,1000,0,0.0826414862006753,background,2026,"{""type"":""Point"",""coordinates"":[94.00707745379036,25.275205178333547]}",2024-08-20,BG-0254,94.00707745379036,25.275205178333547
1219,19180.93207970184,1000,0,0.0829247087593498,background,2026,"{""type"":""Point"",""coordinates"":[91.42377323450877,25.196381750020898]}",2021-08-24,BG-0255,91.42377323450877,25.196381750020898
520,4933.65668002005,1000,0,0.0830073576071523,background,2026,"{""type"":""Point"",""coordinates"":[91.74126468725689,23.848480378980977]}",2024-02-03,BG-0256,91.74126468725689,23.848480378980977
99,10417.777147594208,1000,0,0.0832300083046377,background,2026,"{""type"":""Point"",""coordinates"":[92.66072915503298,22.128591855355282]}",2021-07-08,BG-0257,92.66072915503298,22.128591855355282
1076,23288.347104115084,1000,0,0.0836766073901782,background,2026,"{""type"":""Point"",""coordinates"":[93.60223170805307,28.043259679287114]}",2024-05-28,BG-0258,93.60223170805307,28.043259679287114
2372,19398.66092997154,1000,0,0.0843289334624723,background,2026,"{""type"":""Point"",""coordinates"":[94.40701116438717,26.4675016785193]}",2024-06-30,BG-0259,94.40701116438717,26.4675016785193
1340,23699.592692582846,1000,0,0.0845586519307127,background,2026,"{""type"":""Point"",""coordinates"":[95.04906371651862,26.463695008409356]}",2023-07-09,BG-0260,95.04906371651862,26.463695008409356
1469,18282.304150188043,1000,0,0.0848353992722106,background,2026,"{""type"":""Point"",""coordinates"":[90.27299011649313,25.10535913138175]}",2021-06-16,BG-0261,90.27299011649313,25.10535913138175
73,15975.262989269013,1000,0,0.0859476299541813,background,2026,"{""type"":""Point"",""coordinates"":[94.3009627404788,25.438775089087994]}",2021-08-26,BG-0262,94.3009627404788,25.438775089087994
1065,12770.390171018424,1000,0,0.0861779734468066,background,2026,"{""type"":""Point"",""coordinates"":[93.73977060051632,25.30671888668249]}",2021-06-30,BG-0263,93.73977060051632,25.30671888668249
2476,1551.621366034352,1000,0,0.0866328586737761,background,2026,"{""type"":""Point"",""coordinates"":[94.78810205654601,26.231663295808545]}",2023-06-12,BG-0264,94.78810205654601,26.231663295808545
102,7678.301456504806,1000,0,0.0884784314482828,background,2026,"{""type"":""Point"",""coordinates"":[88.266227733204,27.39773707330727]}",2024-05-28,BG-0265,88.266227733204,27.39773707330727
2878,10467.359400768491,1000,0,0.0887155131376635,background,2026,"{""type"":""Point"",""coordinates"":[94.09043610673518,28.317086826685912]}",2024-07-05,BG-0266,94.09043610673518,28.317086826685912
325,6167.861834564702,1000,0,0.0887625271748738,background,2026,"{""type"":""Point"",""coordinates"":[94.16132888761061,26.198058513645588]}",2024-05-28,BG-0267,94.16132888761061,26.198058513645588
2265,10505.71656969492,1000,0,0.0889873186874529,background,2026,"{""type"":""Point"",""coordinates"":[91.76965061128186,25.83281453684147]}",2023-03-26,BG-0268,91.76965061128186,25.83281453684147
1909,1841.9623035764785,1000,0,0.0892769053228886,background,2026,"{""type"":""Point"",""coordinates"":[94.66988736472486,25.596584791881973]}",2024-06-15,BG-0269,94.66988736472486,25.596584791881973
675,17883.15173142582,1000,0,0.089367935403965,background,2026,"{""type"":""Point"",""coordinates"":[93.14205598592834,26.415793282667806]}",2021-08-06,BG-0270,93.14205598592834,26.415793282667806
1888,19894.08170536537,1000,0,0.0896932884493227,background,2026,"{""type"":""Point"",""coordinates"":[93.4083568534575,27.651654020746534]}",2024-05-17,BG-0271,93.4083568534575,27.651654020746534
2294,8561.847395486473,1000,0,0.089897128450297,background,2026,"{""type"":""Point"",""coordinates"":[94.2712590918474,24.597773303413728]}",2024-06-28,BG-0272,94.2712590918474,24.597773303413728
2785,3378.4905238106976,1000,0,0.0901510727709308,background,2026,"{""type"":""Point"",""coordinates"":[94.80329508645285,28.78055429039504]}",2023-06-23,BG-0273,94.80329508645285,28.78055429039504
405,12310.439043350709,1000,0,0.0902185784951665,background,2026,"{""type"":""Point"",""coordinates"":[92.69458912794508,24.90672507318949]}",2024-05-16,BG-0274,92.69458912794508,24.90672507318949
2217,4866.479348093242,1000,0,0.0903832112456701,background,2026,"{""type"":""Point"",""coordinates"":[96.53823434355704,28.031340306603134]}",2021-08-17,BG-0275,96.53823434355704,28.031340306603134
620,7552.90825678292,1000,0,0.0914153304286881,background,2026,"{""type"":""Point"",""coordinates"":[91.37472227566522,25.325116443129165]}",2024-08-12,BG-0276,91.37472227566522,25.325116443129165
1728,19033.86809403118,1000,0,0.0915899484288692,background,2026,"{""type"":""Point"",""coordinates"":[92.00485985684098,26.245996189486505]}",2021-06-27,BG-0277,92.00485985684098,26.245996189486505
1942,15733.401396881096,1000,0,0.0927454716651826,background,2026,"{""type"":""Point"",""coordinates"":[95.7033642509061,27.42057002803228]}",2024-07-04,BG-0278,95.7033642509061,27.42057002803228
705,10673.067885735578,1000,0,0.0929975847098718,background,2026,"{""type"":""Point"",""coordinates"":[95.51738041223788,26.854504566539212]}",2023-05-06,BG-0279,95.51738041223788,26.854504566539212
1907,11455.07774081776,1000,0,0.0935615346230351,background,2026,"{""type"":""Point"",""coordinates"":[94.53588934685224,26.119202149780687]}",2024-08-22,BG-0280,94.53588934685224,26.119202149780687
351,17933.735855415896,1000,0,0.094113030644543,background,2026,"{""type"":""Point"",""coordinates"":[94.09418905663726,24.678784413922344]}",2024-08-12,BG-0281,94.09418905663726,24.678784413922344
1676,14457.61909015959,1000,0,0.0941775973641844,background,2026,"{""type"":""Point"",""coordinates"":[94.02198193202786,28.308260881181965]}",2024-08-12,BG-0282,94.02198193202786,28.308260881181965
1359,23844.46344597622,1000,0,0.0946269582209802,background,2026,"{""type"":""Point"",""coordinates"":[92.77005088019344,23.252012401494465]}",2024-05-28,BG-0283,92.77005088019344,23.252012401494465
2340,7598.783089316821,1000,0,0.0946424438164368,background,2026,"{""type"":""Point"",""coordinates"":[94.99517684927888,25.66412230984195]}",2024-05-28,BG-0284,94.99517684927888,25.66412230984195
862,19387.06846961973,1000,0,0.0947455677903049,background,2026,"{""type"":""Point"",""coordinates"":[90.44574786024795,25.73018538386498]}",2024-06-30,BG-0285,90.44574786024795,25.73018538386498
471,16814.53562923489,1000,0,0.0947650965721511,background,2026,"{""type"":""Point"",""coordinates"":[94.08407848279982,24.75278005728197]}",2024-06-15,BG-0286,94.08407848279982,24.75278005728197
1345,24130.4006385273,1000,0,0.0948120386664803,background,2026,"{""type"":""Point"",""coordinates"":[93.08379546527598,23.62090927419294]}",2024-06-15,BG-0287,93.08379546527598,23.62090927419294
2616,19768.883196068007,1000,0,0.0951950989497607,background,2026,"{""type"":""Point"",""coordinates"":[91.3818603324301,25.106324844362543]}",2024-07-05,BG-0288,91.3818603324301,25.106324844362543
1069,14326.24033954194,1000,0,0.0955486044057311,background,2026,"{""type"":""Point"",""coordinates"":[91.73011452858111,26.313555545020613]}",2024-05-03,BG-0289,91.73011452858111,26.313555545020613
2877,22553.788464739795,1000,0,0.0957146114508736,background,2026,"{""type"":""Point"",""coordinates"":[93.00366187852136,22.91187880218198]}",2021-06-08,BG-0290,93.00366187852136,22.91187880218198
2860,19240.62500752856,1000,0,0.0959034753998574,background,2026,"{""type"":""Point"",""coordinates"":[91.47546695329132,23.746964345575826]}",2021-07-30,BG-0291,91.47546695329132,23.746964345575826
815,4028.523047146818,1000,0,0.0960695656740528,background,2026,"{""type"":""Point"",""coordinates"":[93.45270250979384,24.854882272123824]}",2021-08-06,BG-0292,93.45270250979384,24.854882272123824
1379,22414.690729474867,1000,0,0.0960748911291806,background,2026,"{""type"":""Point"",""coordinates"":[92.47670371595572,26.86377796701124]}",2024-06-15,BG-0293,92.47670371595572,26.86377796701124
890,8045.112848371829,1000,0,0.0964808582881793,background,2026,"{""type"":""Point"",""coordinates"":[92.44215154685894,25.08145665514328]}",2024-06-15,BG-0294,92.44215154685894,25.08145665514328
229,19112.71669556629,1000,0,0.0969134859808874,background,2026,"{""type"":""Point"",""coordinates"":[92.07168124443477,25.546731826423752]}",2024-07-21,BG-0295,92.07168124443477,25.546731826423752
1197,15898.668973741816,1000,0,0.0970754709534272,background,2026,"{""type"":""Point"",""coordinates"":[95.1360698151251,26.098951044683858]}",2023-06-17,BG-0296,95.1360698151251,26.098951044683858
1805,14488.68302852016,1000,0,0.0975874688938676,background,2026,"{""type"":""Point"",""coordinates"":[92.74226989690885,27.08267551962425]}",2023-06-18,BG-0297,92.74226989690885,27.08267551962425
2982,13611.465493794083,1000,0,0.0977912193104278,background,2026,"{""type"":""Point"",""coordinates"":[92.67068463055124,27.363442540185165]}",2024-06-15,BG-0298,92.67068463055124,27.363442540185165
2044,23910.160802667622,1000,0,0.0981519333640407,background,2026,"{""type"":""Point"",""coordinates"":[91.04690372998435,25.35607193362297]}",2023-08-16,BG-0299,91.04690372998435,25.35607193362297
277,13025.733845969611,1000,0,0.0988160826520125,background,2026,"{""type"":""Point"",""coordinates"":[91.17776892249806,25.609952729815245]}",2021-08-16,BG-0300,91.17776892249806,25.609952729815245
2833,10119.221792413424,1000,0,0.0988463641653449,background,2026,"{""type"":""Point"",""coordinates"":[92.99699522920785,25.292591410959343]}",2024-06-15,BG-0301,92.99699522920785,25.292591410959343
2561,4965.942722011761,1000,0,0.0989535186443709,background,2026,"{""type"":""Point"",""coordinates"":[92.5611837528834,27.01586826573882]}",2021-06-27,BG-0302,92.5611837528834,27.01586826573882
1228,5964.46703976841,1000,0,0.0995976556040093,background,2026,"{""type"":""Point"",""coordinates"":[94.64533683786574,26.293737847902925]}",2024-09-07,BG-0303,94.64533683786574,26.293737847902925
1981,6340.224637850757,1000,0,0.0998807080041285,background,2026,"{""type"":""Point"",""coordinates"":[94.55249076396679,26.379457011096854]}",2024-06-16,BG-0304,94.55249076396679,26.379457011096854
174,12360.488081807822,1000,0,0.1001061120657985,background,2026,"{""type"":""Point"",""coordinates"":[91.64472341691594,23.320609275658324]}",2024-06-15,BG-0305,91.64472341691594,23.320609275658324
2578,11618.412317818322,1000,0,0.1006427055030737,background,2026,"{""type"":""Point"",""coordinates"":[95.10294065038643,28.27927394423546]}",2024-07-07,BG-0306,95.10294065038643,28.27927394423546
1294,21347.96928605941,1000,0,0.1006878396761373,background,2026,"{""type"":""Point"",""coordinates"":[92.69022741056014,21.949239695046842]}",2021-07-31,BG-0307,92.69022741056014,21.949239695046842
1296,23180.483920657567,1000,0,0.1008360706284746,background,2026,"{""type"":""Point"",""coordinates"":[95.93688525803674,28.387794456618984]}",2021-07-30,BG-0308,95.93688525803674,28.387794456618984
702,20371.74614181856,1000,0,0.1009979585032496,background,2026,"{""type"":""Point"",""coordinates"":[94.05257542108468,25.919684869912512]}",2024-06-15,BG-0309,94.05257542108468,25.919684869912512
2075,21083.73104769632,1000,0,0.1013018268825497,background,2026,"{""type"":""Point"",""coordinates"":[94.05884229880614,28.410133403600454]}",2024-09-30,BG-0310,94.05884229880614,28.410133403600454
1124,7501.844713885054,1000,0,0.1015623694664106,background,2026,"{""type"":""Point"",""coordinates"":[93.6973404464361,27.02773099296373]}",2024-06-30,BG-0311,93.6973404464361,27.02773099296373
2083,19485.6559326989,1000,0,0.1016725716725922,background,2026,"{""type"":""Point"",""coordinates"":[90.51610584734068,25.39079613274537]}",2024-06-15,BG-0312,90.51610584734068,25.39079613274537
2089,22030.67519452375,1000,0,0.101780640164436,background,2026,"{""type"":""Point"",""coordinates"":[90.19903823337461,25.071491881757638]}",2021-07-30,BG-0313,90.19903823337461,25.071491881757638
374,16247.68576261046,1000,0,0.1018454275386351,background,2026,"{""type"":""Point"",""coordinates"":[92.50748104832087,24.932963195131567]}",2024-08-18,BG-0314,92.50748104832087,24.932963195131567
2980,21047.91996255647,1000,0,0.1029854358225191,background,2026,"{""type"":""Point"",""coordinates"":[94.78562801434106,28.395696110455717]}",2021-08-16,BG-0315,94.78562801434106,28.395696110455717
1889,23992.38097464698,1000,0,0.1036675722223176,background,2026,"{""type"":""Point"",""coordinates"":[91.05611668253974,25.436375702365808]}",2024-08-01,BG-0316,91.05611668253974,25.436375702365808
674,19729.207527494826,1000,0,0.1044758486700033,background,2026,"{""type"":""Point"",""coordinates"":[91.92379223275705,23.510731101070512]}",2024-06-15,BG-0317,91.92379223275705,23.510731101070512
204,9625.77364281377,1000,0,0.1046716701882594,background,2026,"{""type"":""Point"",""coordinates"":[93.52688395027812,24.6866827126261]}",2021-08-06,BG-0318,93.52688395027812,24.6866827126261
176,20227.37341356348,1000,0,0.1049060386283845,background,2026,"{""type"":""Point"",""coordinates"":[95.9688436632088,28.301390525353078]}",2024-08-29,BG-0319,95.9688436632088,28.301390525353078
1107,23427.40860055956,1000,0,0.1050234812367408,background,2026,"{""type"":""Point"",""coordinates"":[92.74702511031283,23.248495634652944]}",2023-08-16,BG-0320,92.74702511031283,23.248495634652944
376,8416.845515415442,1000,0,0.1051358888560645,background,2026,"{""type"":""Point"",""coordinates"":[93.77567095464032,25.864463884933375]}",2024-06-28,BG-0321,93.77567095464032,25.864463884933375
687,4573.720998304356,1000,0,0.1052231670932968,background,2026,"{""type"":""Point"",""coordinates"":[92.76249354096977,23.68207451942438]}",2024-08-28,BG-0322,92.76249354096977,23.68207451942438
990,16237.139078554936,1000,0,0.1055334021980622,background,2026,"{""type"":""Point"",""coordinates"":[92.90688507721765,25.314493329132738]}",2021-07-20,BG-0323,92.90688507721765,25.314493329132738
2994,21510.28055816424,1000,0,0.1056060109315578,background,2026,"{""type"":""Point"",""coordinates"":[88.8580580426111,27.729954162884134]}",2024-08-12,BG-0324,88.8580580426111,27.729954162884134
1993,18341.8399533024,1000,0,0.1057733953520391,background,2026,"{""type"":""Point"",""coordinates"":[91.88609614216166,25.09473352611716]}",2024-07-02,BG-0325,91.88609614216166,25.09473352611716
2810,9909.879143384736,1000,0,0.106072958220511,background,2026,"{""type"":""Point"",""coordinates"":[91.49248954710978,25.59963185529605]}",2021-07-30,BG-0326,91.49248954710978,25.59963185529605
2380,14258.914321600205,1000,0,0.1066207400483773,background,2026,"{""type"":""Point"",""coordinates"":[95.3906543926181,28.044558080989123]}",2024-05-30,BG-0327,95.3906543926181,28.044558080989123
2506,2809.5636305610165,1000,0,0.1066526192866814,background,2026,"{""type"":""Point"",""coordinates"":[93.93811519877703,25.13752373463296]}",2024-07-29,BG-0328,93.93811519877703,25.13752373463296
1467,8688.19514278011,1000,0,0.1066903055676216,background,2026,"{""type"":""Point"",""coordinates"":[93.8958224748196,25.08552518937339]}",2021-08-13,BG-0329,93.8958224748196,25.08552518937339
2676,9230.61612058546,1000,0,0.1069836348740105,background,2026,"{""type"":""Point"",""coordinates"":[93.84878315934222,24.061376076165736]}",2023-04-03,BG-0330,93.84878315934222,24.061376076165736
123,5670.127819223646,1000,0,0.1073725554517972,background,2026,"{""type"":""Point"",""coordinates"":[94.16741659344048,28.282497067782614]}",2024-06-15,BG-0331,94.16741659344048,28.282497067782614
1564,7464.226631994967,1000,0,0.1074678395331572,background,2026,"{""type"":""Point"",""coordinates"":[93.26472701468063,27.219575844300117]}",2024-06-15,BG-0332,93.26472701468063,27.219575844300117
875,24950.47956730266,1000,0,0.1076018579415992,background,2026,"{""type"":""Point"",""coordinates"":[93.99444439417478,26.30147862324068]}",2024-07-02,BG-0333,93.99444439417478,26.30147862324068
2441,14005.224634533328,1000,0,0.1077727708921409,background,2026,"{""type"":""Point"",""coordinates"":[91.36080912018433,25.636260091868962]}",2021-06-30,BG-0334,91.36080912018433,25.636260091868962
497,5506.214707020072,1000,0,0.1082124618693286,background,2026,"{""type"":""Point"",""coordinates"":[92.46934525751885,24.78618066680026]}",2024-07-01,BG-0335,92.46934525751885,24.78618066680026
2973,18762.35934802772,1000,0,0.1082736433029564,background,2026,"{""type"":""Point"",""coordinates"":[93.5004460012246,25.2091486074577]}",2024-06-15,BG-0336,93.5004460012246,25.2091486074577
1576,13752.402822660308,1000,0,0.1086787809676573,background,2026,"{""type"":""Point"",""coordinates"":[94.29116455289285,24.552244072091636]}",2024-07-01,BG-0337,94.29116455289285,24.552244072091636
2552,14337.39120006005,1000,0,0.1088001365511954,background,2026,"{""type"":""Point"",""coordinates"":[96.66533887902885,27.973688572353154]}",2024-06-15,BG-0338,96.66533887902885,27.973688572353154
355,16657.64697326218,1000,0,0.1088419192526151,background,2026,"{""type"":""Point"",""coordinates"":[94.30787058906104,24.528441929048277]}",2023-05-05,BG-0339,94.30787058906104,24.528441929048277
1194,8943.96095974705,1000,0,0.109011071878516,background,2026,"{""type"":""Point"",""coordinates"":[94.1646346802394,26.328053091134365]}",2024-05-28,BG-0340,94.1646346802394,26.328053091134365
2826,20381.78290056833,1000,0,0.1090799882016934,background,2026,"{""type"":""Point"",""coordinates"":[93.44693868889411,26.93464006637582]}",2023-04-03,BG-0341,93.44693868889411,26.93464006637582
995,7544.701807552529,1000,0,0.1092927485489811,background,2026,"{""type"":""Point"",""coordinates"":[93.33862421520296,24.835251991230653]}",2021-07-12,BG-0342,93.33862421520296,24.835251991230653
