record_id,year,state,state_code,district,latitude,longitude,event_date,event_month,event_day_of_year,event_time_raw,event_type,rainfall_24h_mm,casualty,has_casualty,road_affected,road_affected_flag,source,source_code,landslide_target,slide_no,slide_id,landslide_name,location,elevation,slope,aspect,dem_source
LS-0001,2021,Nagaland,5,Dimapur,25.793499,93.805655,2021-02-02,2.0,33.0,,3.0,0.0,0,0,,0,Newspaper,0,1,37,Newspaper/2021/Nagaland/37,TL Park landslide,Near TL Park between Chumoukedima and Nukioladong,220.19593811035156,17.586540514558234,219.30513329475164,PART2
LS-0002,2021,Nagaland,5,Dimapur,25.772599,93.806,2021-02-17,2.0,48.0,,3.0,0.0,0,0,,0,Online Media,1,1,38,Online Media/2021/Nagaland/38,TL Park 2 landslide,Near TL Park between Chumoukedima and Nukioladong,269.23065185546875,37.287671198543876,15.016999639224707,PART2
LS-0003,2021,Meghalaya,3,East Khasi Hills,25.585545,91.86466,2021-02-24,2.0,55.0,,1.0,0.276384,0,0,,0,Newspaper,0,1,18,Newspaper/2021/Meghalaya/18,Sonapani_landslide,Sonapani Hydro-Electric Power Project,1294.05810546875,38.23284849684716,205.3447888081092,PART2
LS-0004,2021,Sikkim,6,East Sikkim,27.376583,88.728341,2021-03-25,3.0,84.0,,2.0,3.300459,0,0,,0,Online Media,1,1,61,Online Media/2021/Sikkim/61,Kyonsola_waterfall_landslide,Kyonsola waterfall on way to Tsongmo.,3342.55615234375,9.097040557164046,305.53311553560854,PART2
LS-0005,2021,Arunachal Pradesh,0,West Kameng,27.186597,92.303984,2021-04-28,4.0,118.0,,2.0,0.538725,0,0,,0,Newspaper,0,1,14,Newspaper/2021/Arunachal Pradesh/14,Membachur_Garbow_landslide,between Membachur and Garbow villages,2063.822998046875,36.785969232958756,82.92621015570552,PART2
LS-0006,2021,Nagaland,5,Dimapur,25.766187,93.940678,2021-05-10,5.0,130.0,07:00,1.0,2.610091,0,0,,0,Newspaper,0,1,45,Newspaper/2021/Nagaland/45,Piphema_landslide,Piphema,804.1127319335938,35.689003159277625,353.19526230657874,PART2
LS-0007,2021,Arunachal Pradesh,0,West Kameng,27.208119,92.479767,2021-05-25,5.0,145.0,,3.0,0.010557,0,0,BCT Road,1,Newspaper,0,1,10,Newspaper/2021/Arunachal Pradesh/10,Nechipu_Saddle_landslide,80.3-km between Nechiphu and Saddle,1310.51025390625,28.03227628663524,341.7516821195676,PART2
LS-0008,2021,Arunachal Pradesh,0,Papum Pare,27.095983,93.622322,2021-05-31,5.0,151.0,,3.0,69.527662,0,0,NH 415,1,Online Media,1,1,9,Online Media/2021/Arunachal Pradesh/9,IG Park Landslide,"Near Indra Gandhi Park entry gate, Itanagar",355.9114685058594,17.232580170396435,155.33408898846767,PART2
LS-0009,2021,Sikkim,6,East Sikkim,27.326815,88.61023,2021-06-01,6.0,152.0,,1.0,50.510061,0,0,,0,Newspaper,0,1,67,Newspaper/2021/Sikkim/67,Seesa Golai Landslide,Seesa Golai,1591.645263671875,25.480757576297734,239.33368230287059,PART2
LS-0010,2021,Arunachal Pradesh,0,West Kameng,27.326763,92.43801,2021-06-05,6.0,156.0,9:30,2.0,0.0,2,1,BCT Road,1,Newspaper,0,1,8,Newspaper/2021/Arunachal Pradesh/8,BCT Road Landslide,"77.200 km in Bhalukpong-Charduar-Tawang (BCT) road near Saddle, Nechiphu",1272.074462890625,7.708982255727231,83.36078793835992,PART2
LS-0011,2021,Manipur,2,Senapati,25.217562,93.820138,2021-06-06,6.0,157.0,,2.0,10.335549,0,0,,0,Online Media,1,1,22,Online Media/2021/Manipur/22,Tujang_Waichong_landslide,Between Tujang Waichong and Selsi Village,729.8132934570312,0.30554788690981594,57.39106082569077,PART1
LS-0012,2021,Manipur,2,Tamenglong,25.158298,93.677995,2021-06-07,6.0,158.0,,3.0,20.428739,0,0,Imphal-Tamenglong Road,1,Online Media,1,1,27,Online Media/2021/Manipur/27,Tamei2_landslide,Tamei Village,1078.260009765625,23.049971439462713,281.9735921379041,PART1
LS-0013,2021,Arunachal Pradesh,0,Papum Pare,27.241524,93.335972,2021-06-08,6.0,159.0,morning,3.0,150.76957,0,0,NH 13,1,Online Media,1,1,1,Online Media/2021/Arunachal Pradesh/1,Leporiang Landslide,Leporiang,1196.76220703125,26.51964924158855,149.30176689138466,PART2
LS-0014,2021,Sikkim,6,East Sikkim,27.343272,88.608275,2021-06-09,6.0,160.0,,1.0,66.071349,1,1,,0,Newspaper,0,1,68,Newspaper/2021/Sikkim/68,Tashi Namgyal Secondary School Landslide,,1615.595703125,9.696395541775876,212.03242923622867,PART2
LS-0015,2021,Mizoram,4,Aizawl,23.74192,92.741738,2021-06-11,6.0,162.0,21:30:00,1.0,17.590322,4,1,,0,Newspaper,0,1,35,Newspaper/2021/Mizoram/35,Thuampui landslide,Thuampui,886.4696044921875,34.63244234807314,119.41908031847657,PART1
LS-0016,2021,Manipur,2,Ukhrul,25.091769,94.358421,2021-06-16,6.0,167.0,,1.0,0.0,0,0,,0,Newspaper,0,1,30,Newspaper/2021/Manipur/30,Mini_Secretariat_landslide,"Mini Secretariat Complex, Hamleikhong",1873.399658203125,23.437737100988457,256.2714919826252,PART1
LS-0017,2021,Arunachal Pradesh,0,Upper Siang,28.936253,94.842537,2021-06-17,6.0,168.0,,2.0,2.636578,0,0,,0,Online Media,1,1,6,Online Media/2021/Arunachal Pradesh/6,Pekong Landslide,Pekong Village,683.1927490234375,36.70577261334195,139.81174116768784,PART2
LS-0018,2021,Assam,1,Kamrup metro,26.162784,91.694636,2021-06-18,6.0,169.0,4:30,2.0,121.189373,1,1,,0,Online Media,1,1,72,Online Media/2021/Assam/72,Water_works_colony_landslide,Water Works Colony,62.732574462890625,2.8170131371826,245.2932737925172,PART2
LS-0019,2021,Sikkim/West Bengal,6,Kalimpong,27.09117,88.464695,2021-06-18,6.0,169.0,,2.0,5.959684,2,1,,0,Newspaper,0,1,60,Newspaper/2021/Sikkim-West Bengal/60,Bhalukhola_landslide,Bhalu Khola,471.8810119628906,21.39093285493967,271.7567949759658,PART2
LS-0020,2021,Arunachal Pradesh,0,Tirap,26.911944,95.603611,2021-06-22,6.0,173.0,1:30,2.0,96.874331,1,1,,0,Newspaper,0,1,11,Newspaper/2021/Arunachal Pradesh/11,Kuthong Landslide,Kuthong Village in Tirap District,1326.96044921875,23.437709630493426,195.39642499793646,PART2
LS-0021,2021,Manipur,2,Tamenglong,25.158298,93.677995,2021-06-24,6.0,175.0,,3.0,15.714632,0,0,Imphal-Tamenglong Road,1,Online Media,1,1,26,Online Media/2021/Manipur/26,Tamei landslide,Tamei Village,1078.260009765625,23.049971439462713,281.9735921379041,PART1
LS-0022,2021,Arunachal Pradesh,0,East Siang,28.153611,95.181389,2021-06-27,6.0,178.0,,1.0,47.738895,0,0,,0,Online Media,1,1,5,Online Media/2021/Arunachal Pradesh/5,Rotlung Landslide,Rotlung Village at Kebang,454.3298034667969,38.99169053985588,243.64166963064082,PART2
LS-0023,2021,Arunachal Pradesh,0,East Siang,28.233722,94.9963,2021-06-27,6.0,178.0,,3.0,47.070611,0,0,,0,Online Media,1,1,15,Online Media/2021/Arunachal Pradesh/15,Sangam_bridge_collapse,Sangam Bridge Collapse near Pangin,201.5,21.501273515335317,180.0,PART2
LS-0024,2021,Arunachal Pradesh,0,Upper Siang,28.214774,95.235101,2021-06-30,6.0,181.0,,2.0,29.255691,0,0,NH 52,1,Online Media,1,1,12,Online Media/2021/Arunachal Pradesh/12,Pasighat_Yingkiong_Landslide,Pasighat to Yingkiong (100 kms from Yingkiong),510.58642578125,39.20600170582915,281.1541806721774,PART2
LS-0025,2021,Arunachal Pradesh,0,West Siang,27.796145,94.71335,2021-06-30,6.0,181.0,,3.0,18.77778,0,0,NH 52,1,Online Media,1,1,13,Online Media/2021/Arunachal Pradesh/13,Garu Landslide,"near Garu, 25 km from Likabali",895.8372802734375,10.049464381040275,271.3214163610504,PART2
LS-0026,2021,Meghalaya,3,West Garo Hills,25.499358,90.214668,2021-06-30,6.0,181.0,,1.0,107.621934,0,0,NH 51,1,Newspaper,0,1,19,Newspaper/2021/Meghalaya/19,Tura_dalu_stretch,Tura-Dalu stretch,289.78106689453125,27.68125635351838,322.43211232778225,PART1
LS-0027,2021,Meghalaya,3,South Garo Hills,25.202693,90.831915,2021-06-30,6.0,181.0,,2.0,200.134458,0,0,,0,Online Media,1,1,21,Online Media/2021/Meghalaya/21,Malikona_Village_landslide,Malikona Village Baghmara town,272.57269287109375,41.05590574622145,192.0070561250731,PART1
LS-0028,2021,Arunachal Pradesh,0,Upper Subansiri,27.965813,94.467809,2021-07-08,7.0,189.0,,2.0,73.121865,0,0,Trans Arunachal Highway,1,Newspaper,0,1,7,Newspaper/2021/Arunachal Pradesh/7,Tode landslide,Tode Village,508.3262939453125,36.41666694747667,250.60999958429096,PART2
LS-0029,2021,Nagaland,5,Phek,25.657788,94.438812,2021-07-12,7.0,193.0,,2.0,1.334883,0,0,,0,Newspaper,0,1,41,Newspaper/2021/Nagaland/41,Losami_Phek_landslide,Landslide between Losami and Phek Village,1558.338623046875,33.073867992085205,333.17440217996733,PART2
LS-0030,2021,Nagaland,5,Phek,25.603106,94.686755,2021-07-14,7.0,195.0,,2.0,65.401161,0,0,,0,Online Media,1,1,47,Online Media/2021/Nagaland/47,Phek_landslide,Ziphu,947.499267578125,28.67691328973725,189.34023763035913,PART2
LS-0031,2021,Manipur,2,Tamenglong,24.818353,93.440246,2021-07-19,7.0,200.0,14:50,1.0,48.191199,3,1,,0,Newspaper,0,1,29,Newspaper/2021/Manipur/29,Thingou_landslide,"8km towards Thingou, 15 km north from Nungba PS",262.5234680175781,22.10979771039799,293.9034969561884,PART1
LS-0032,2021,Manipur,2,Tamenglong,24.767366,93.332535,2021-07-19,7.0,200.0,,1.0,67.985381,0,0,Imphal-Jiribam Road (NH-37),1,Online Media,1,1,31,Online Media/2021/Manipur/31,Sibilong_temple_landslide,Sibilong Temple,222.3283233642578,23.107800855652812,66.34985676936515,PART1
LS-0033,2021,Mizoram,4,Lunglei,22.805047,92.816565,2021-07-19,7.0,200.0,,1.0,203.521302,0,0,NH 54,1,Online Media,1,1,34,Online Media/2021/Mizoram/34,Bualtei landslide,Bualtei,840.3836669921875,35.01457246183979,297.323499595243,PART1
LS-0034,2021,Nagaland,5,Tuensang,26.046657,94.767115,2021-07-20,7.0,201.0,,3.0,43.889829,0,0,PWD Road connecting Tobu to ITC Pangsha,1,Newspaper,0,1,40,Newspaper/2021/Nagaland/40,Wangshu_PwD_Road_landslide,Wangshu Village,2220.95458984375,14.35055969014902,233.17247503627758,PART2
LS-0035,2021,Manipur,2,Chandel,24.319566,94.160246,2021-07-26,7.0,207.0,,3.0,1.530845,0,0,AH-1 Moreh Road,1,Online Media,1,1,28,Online Media/2021/Manipur/28,Chahmol_landslide,Chahmol Village,1190.6556396484375,27.585774359355398,148.65595232684075,PART1
LS-0036,2021,Sikkim,6,South Sikkim,27.090965,88.45744,2021-07-29,7.0,210.0,,1.0,33.110832,0,0,,0,Newspaper,0,1,54,Newspaper/2021/Sikkim/54,Melli Secondary School Landslide,Melli Secondary School,243.26568603515625,2.6980590825541633,17.033882134813155,PART2
LS-0037,2021,Sikkim,6,South Sikkim,27.090724,88.456816,2021-07-30,7.0,211.0,,2.0,95.820024,1,1,,0,Newspaper,0,1,55,Newspaper/2021/Sikkim/55,Melli Bazaar Landslide,Melli Bazaar,253.4198455810547,22.724154735606767,49.397417027857614,PART2
LS-0038,2021,Sikkim,6,West Sikkim,27.146369,88.280411,2021-07-30,7.0,211.0,,2.0,24.942364,0,0,Jorethang - Legship Road,1,Online Media,1,1,65,Online Media/2021/Sikkim/65,Sisney Landslide,Sisney Petrol Pump,387.01617431640625,25.31141443867365,62.66004537372902,PART2
LS-0039,2021,Sikkim/West Bengal,6,Kalimpong,27.142902,88.531935,2021-07-30,7.0,211.0,,2.0,27.444981,2,1,,0,Newspaper,0,1,56,Newspaper/2021/Sikkim-West Bengal/56,Mamkhola Landslide,Mamkhola,381.1495361328125,48.37463962810723,287.97953062032354,PART2
LS-0040,2021,Sikkim/West Bengal,6,Kalimpong,27.10871,88.466754,2021-07-30,7.0,211.0,,2.0,95.820024,0,0,,0,Newspaper,0,1,57,Newspaper/2021/Sikkim-West Bengal/57,Melli 2 Landslide,near Melli,250.74917602539062,52.818574803498485,264.0785243617712,PART2
LS-0041,2021,Sikkim/West Bengal,6,South Sikkim,27.111336,88.325929,2021-07-30,7.0,211.0,,2.0,63.980069,0,0,,0,Newspaper,0,1,58,Newspaper/2021/Sikkim-West Bengal/58,Melli_Jorethang_landslide,Between Melli and Jorethang,442.6162414550781,22.242244978473213,287.6965485344108,PART2
LS-0042,2021,Nagaland,5,Phek,25.659725,94.409427,2021-07-31,7.0,212.0,,3.0,62.6106,0,0,Pfutsero-Khomi-Phek,1,Newspaper,0,1,48,Newspaper/2021/Nagaland/48,Pfutsero-Khomi-Phek landslide,,1417.4619140625,32.219010054713706,18.51950197721368,PART2
LS-0043,2021,Nagaland,5,Phek,25.723469,94.402948,2021-07-31,7.0,212.0,,3.0,37.740973,0,0,Pfutsero-Lanye,1,Newspaper,0,1,49,Newspaper/2021/Nagaland/49,Pfutsero-Lanye Landslide,,1922.3502197265625,24.53452787436523,13.806206162983301,PART2
LS-0044,2021,Sikkim,6,East Sikkim,27.366542,88.487805,2021-07-31,7.0,212.0,,2.0,140.635612,0,0,,0,Online Media,1,1,63,Online Media/2021/Sikkim/63,Seley_Ward_landslide,Seley ward under Tumin Lingee Constituency,1003.9857177734375,23.32725988972293,301.6363917803451,PART2
LS-0045,2021,Sikkim/West Bengal,6,Kalimpong,26.939387,88.414113,2021-07-31,7.0,212.0,,2.0,29.429714,0,0,NH 10,1,Online Media,1,1,64,Online Media/2021/Sikkim-West Bengal/64,Seti Jhora Landslide,Seti jhora near Kalimpong,965.7794189453125,35.08803078464321,25.49873548826025,PART2
LS-0046,2021,Manipur,2,Tamenglong,25.241119,93.857702,2021-08-02,8.0,214.0,3:30,1.0,7.93408,0,0,Imphal-Tamenglong Road,1,Newspaper,0,1,23,Newspaper/2021/Manipur/23,Lamlenkon_landslide,Lamlenkon in Tujang Waichong,829.8587646484375,10.942929034340336,36.819352604808046,PART1
LS-0047,2021,Meghalaya,3,Jaintia Hills,25.081742,92.362063,2021-08-02,8.0,214.0,7:00,3.0,90.034167,0,0,NH 06,1,Online Media,1,1,20,Online Media/2021/Meghalaya/20,Kuliang_landslide,"Kuliang Village, Khilerihat",237.2367706298828,27.773547459936918,272.8967929887539,PART1
LS-0048,2021,Nagaland,5,Wokha,26.208542,94.221938,2021-08-05,8.0,217.0,,3.0,8.485464,0,0,,0,Newspaper,0,1,44,Newspaper/2021/Nagaland/44,Sanis_Doyang_landslide,Between Sanis and Doyang,681.3712768554688,37.43691741510169,117.8953750431586,PART2
LS-0049,2021,Assam,1,Kamrup metro,26.154238,91.810523,2021-08-06,8.0,218.0,14:30,2.0,0.009634,1,1,,0,Newspaper,0,1,75,Newspaper/2021/Assam/75,Borbari_landslide,Borbari,66.99681091308594,8.679282354395369,353.0290084334943,PART2
LS-0050,2021,Nagaland,5,Wokha,26.092899,94.254627,2021-08-06,8.0,218.0,,2.0,57.994488,0,0,,0,Newspaper,0,1,39,Newspaper/2021/Nagaland/39,Lower Etsuchuka Colony landslide,Lower Etsuchuka Colony,1384.524658203125,8.983991493441088,138.05477290304032,PART2
LS-0051,2021,Nagaland,5,Wokha,26.096249,94.254289,2021-08-06,8.0,218.0,,2.0,57.994488,0,0,,0,Newspaper,0,1,42,Newspaper/2021/Nagaland/42,Police_Point_landslide,Police Point,1351.225341796875,5.67291566312167,301.22464357554713,PART2
LS-0052,2021,Nagaland,5,Wokha,26.091211,94.246956,2021-08-06,8.0,218.0,,2.0,57.994488,0,0,,0,Newspaper,0,1,43,Newspaper/2021/Nagaland/43,Airfield_colony_landslide,Airfield Colony,1189.765869140625,15.858148346804628,288.9735287881771,PART2
LS-0053,2021,Sikkim,6,East Sikkim,27.255462,88.597286,2021-08-08,8.0,220.0,,3.0,105.199218,0,0,Laltturning-Basilakha Road,1,Online Media,1,1,62,Online Media/2021/Sikkim/62,Basilakha_landslide,Basilakha,1076.102294921875,14.816899267860979,120.58097313944603,PART2
LS-0054,2021,Arunachal Pradesh,0,Upper Siang,28.849609,94.748649,2021-08-13,8.0,225.0,,3.0,75.210383,0,0,Yingkiong Road,1,Newspaper,0,1,2,Newspaper/2021/Arunachal Pradesh/2,Tuting_Yingkiong_landslide,Between Tuting and Yingkiong,698.128662109375,22.606030947409664,108.46718062583454,PART2
LS-0055,2021,Arunachal Pradesh,0,East Siang,28.122053,95.274842,2021-08-13,8.0,225.0,14:48,3.0,52.842427,0,0,NH 13,1,Newspapers,0,1,3,Newspapers/2021/Arunachal Pradesh/3,Sirki Waterfall Landslide,"near Sirki waterfall, 4kms from Pasighat towards Pangin and Aalo",250.6267852783203,20.883790908841725,195.00126920706816,PART2
LS-0056,2021,Arunachal Pradesh,0,West Siang,27.784222,94.721322,2021-08-13,8.0,225.0,,3.0,19.044726,0,0,NH 13,1,Newspapers,0,1,4,Newspapers/2021/Arunachal Pradesh/4,Likabali_Basar_landslide,Between Likabali and Basar,850.4159545898438,20.396027626128117,312.59802774472683,PART2
LS-0057,2021,Manipur,2,Tamenglong,24.826041,93.56119,2021-08-16,8.0,228.0,,3.0,4.368737,0,0,NH 37,1,Newspaper,0,1,25,Newspaper/2021/Manipur/25,Awang_khul_landslide,5 km away from Awang Khul Village,368.7687072753906,17.949198083624726,81.18442001701595,PART1
LS-0058,2021,Nagaland,5,Kiphire,25.7623,94.863047,2021-08-17,8.0,229.0,,2.0,59.658672,0,0,,0,Online Media,1,1,46,Online Media/2021/Nagaland/46,Pungro-Mimi landslide,Pungro-Mimi axis near Longkhimong village,1738.284423828125,3.0179998711334957,220.10921728116486,PART2
LS-0059,2021,Manipur,2,Churachandpur,24.503658,93.509375,2021-08-20,8.0,232.0,,2.0,101.288447,0,0,Henglep to Churachandpur road,1,Newspaper,0,1,24,Newspaper/2021/Manipur/24,S_Kholop_landslide,S Kholop village,755.6665649414062,15.903447357413869,9.39613177429925,PART1
LS-0060,2021,Sikkim,6,East Sikkim,27.250224,88.614992,2021-08-24,8.0,236.0,,1.0,6.267921,0,0,Pakyong to Assam Lingsey Road,1,Newspaper,0,1,52,Newspaper/2021/Sikkim/52,Samsing Shanti Turn Landslide,Samsing Shanti turn,1317.3302001953125,35.22415843072704,214.01527168194028,PART2
LS-0061,2021,Sikkim,6,West Sikkim,27.1624,88.152087,2021-08-24,8.0,236.0,,1.0,8.109331,0,0,Soreng Sombaria Road,1,Newspaper,0,1,53,Newspaper/2021/Sikkim/53,Muneew Taryebhir Landslide,Muneew Taryabhir stretch,1585.6839599609375,33.20556237893245,24.41387513789624,PART2
LS-0062,2021,Assam,1,Nagaon,26.574761,93.110996,2021-08-25,8.0,237.0,,3.0,37.999535,0,0,NH 39,1,Newspaper,0,1,73,Newspaper/2021/Assam/73,Burapahar Landslide,Kaliabor,100.78919219970703,31.209656526103974,158.803526542084,PART2
LS-0063,2021,Mizoram,4,Lawngtlai,22.130154,92.761693,2021-08-26,8.0,238.0,,3.0,14.347636,0,0,,0,Online Media,1,1,33,Online Media/2021/Mizoram/33,Zochachhuah landslide,Zochachhuah,,,,NONE
LS-0064,2021,Tripura,7,South,23.2463,91.480725,2021-08-26,8.0,238.0,,2.0,78.381047,1,1,,0,Newspaper,0,1,70,Newspaper/2021/Tripura/70,Sarsima Landslide,Sarsima area of Belonia in South Tripura,26.304155349731445,5.334689138846076,81.5660521065148,PART1
LS-0065,2021,Tripura,7,South,23.228158,91.494288,2021-08-26,8.0,238.0,,2.0,78.381047,0,0,,0,Online Media,1,1,71,Online Media/2021/Tripura/71,Jharjhari landslide,Jharjhari Village,38.43385696411133,7.826950278959373,248.319837392525,PART1
LS-0066,2021,Sikkim,6,West Sikkim,27.221268,88.307456,2021-08-27,8.0,239.0,,3.0,55.277454,0,0,Jorethang - Legship Road,1,Online Media,1,1,66,Online Media/2021/Sikkim/66,Jorethang-Legship Landslide,Reshi Bazaar,459.90667724609375,31.862559664221912,160.75082456588893,PART2
LS-0067,2021,Sikkim,6,West Sikkim,27.26428,88.158235,2021-08-29,8.0,241.0,,3.0,12.638664,0,0,Bongten-Changay road,1,Newspaper,0,1,69,Newspaper/2021/Sikkim/69,Bongten-Changay Landslide,Upper Bongten and Changay,1114.4383544921875,6.754316450323801,60.132378900927165,PART2
LS-0068,2021,Arunachal Pradesh,0,Lower Subansiri,27.794025,94.073954,2021-09-09,9.0,252.0,,3.0,3.679493,0,0,,0,Newspaper,0,1,16,Newspaper/2021/Arunachal Pradesh/16,Raga landslide,Raga headquarters,1044.0313720703125,12.698074060623819,141.3113663563994,PART2
LS-0069,2021,Nagaland,5,Tuensang,26.232589,94.939423,2021-09-09,9.0,252.0,,2.0,27.739122,0,0,,0,Online Media,1,1,51,Online Media/2021/Nagaland/51,Chedang Saddle Landslide,Chedang Saddle and Noklak,1535.31103515625,33.54942460373395,350.4605686289688,PART2
LS-0070,2021,Arunachal Pradesh,0,West Kameng,27.104442,92.566072,2021-09-20,9.0,263.0,,2.0,0.0,0,0,,0,Newspaper,0,1,17,Newspaper/2021/Arunachal Pradesh/17,20_landslides_BCT_road,20 locations along BCT Road between Sessa and Nechiphu,777.1378784179688,47.29645951625439,148.24703771873635,PART2
LS-0071,2021,Manipur,2,Chandel,24.005219,93.915829,2021-10-09,10.0,282.0,,2.0,0.093849,0,0,,0,Newspaper,0,1,32,Newspaper/2021/Manipur/32,Khulmulen-Sajik landslide,Khulmulen-Sajik Road in Sajik Valley,1508.9569091796875,22.103843962748524,113.17706347645435,PART1
LS-0072,2021,Mizoram,4,Aizawl,23.689863,92.859428,2021-10-09,10.0,282.0,,2.0,7.244019,2,1,,0,Online Media,1,1,36,Online Media/2021/Mizoram/36,Thingsulthliah landslide,Thingsulthliah Village,895.2804565429688,12.758799121748941,94.65363891161132,PART1
LS-0073,2021,Assam,1,Kamrup metro,26.170251,91.690161,2021-10-20,10.0,293.0,,2.0,21.30988,0,0,,0,Newspaper,0,1,74,Newspaper/2021/Assam/74,Pandu_landslide,Guwahati,54.59192657470703,2.99661456193117,29.099160782962315,PART2
LS-0074,2021,Sikkim,6,East Sikkim,27.32459,88.609439,2021-10-20,10.0,293.0,,2.0,198.109475,0,0,,0,Online Media,1,1,59,Online Media/2021/Sikkim/59,Pani House Landslide,Pani House,1526.5814208984375,37.09989383797841,275.44273404921967,PART2
LS-0075,2021,Nagaland,5,Tuensang,26.250081,95.061502,2021-11-08,11.0,312.0,,2.0,0.0,0,0,,0,Online Media,1,1,50,Online Media/2021/Nagaland/50,Wensoi Landslide,Wensoi Village,1471.1748046875,27.685780648707784,123.20601953523277,PART2
LS-0076,2023,Sikkim,6,Gangtok,27.39235464,88.52320007,2023-03-26,3.0,85.0,,3.0,0.669916422,0,0,Dikchu-Rakdong Road,1,Newspapers & Media,0,1,2,Newspapers & Media/2023/Sikkim/2,Sokpay Landslide,Sokpay Village,1206.945556640625,52.43651809032978,225.64007915423528,PART2
LS-0077,2023,Assam,1,Dhemaji,27.55468158,94.25992713,2023-04-03,4.0,93.0,,1.0,9.3,0,0,,0,Newspapers & Media,0,1,8,Newspapers & Media/2023/Assam/8,Subansiri Lower Hydroelectric Project,Gerukamukh,198.47637939453125,52.156112991702635,266.68345548964123,PART2
LS-0078,2023,Meghalaya,3,East Jaintia Hills,25.105931,92.360242,2023-04-05,4.0,95.0,7:00 AM,3.0,2.958248956,0,0,NH 6,1,Newspapers & Media,0,1,14,Newspapers & Media/2023/Meghalaya/14,Sonapur Tunnel Landslide,Near Sonapur Tunnel,55.556514739990234,22.236416541506564,221.4399789761911,PART1
LS-0079,2023,Meghalaya,3,East Khasi Hills,25.371447,91.876558,2023-04-14,4.0,104.0,,3.0,0.0,2,1,NH 206,1,Newspapers & Media,0,1,3,Newspapers & Media/2023/Meghalaya/3,Rngain Landslide,"Rngain Village, Pynursla",1526.8599853515625,41.97134187295409,246.65593272693448,PART1
LS-0080,2023,Arunachal Pradesh,0,Upper Siang,28.79895656,94.77570872,2023-05-05,5.0,125.0,2:00 AM,3.0,4.29,4,1,Yingkiong_Tuting_Road,1,Newspapers & Media,0,1,7,Newspapers & Media/2023/Arunachal Pradesh/7,Mossing Landslide,Yingkiong_Tuting_Road,730.443359375,38.904102531589565,41.209200167404106,PART2
LS-0081,2023,Arunachal Pradesh,0,Kurung Kumey,27.89451833,93.43502779,2023-05-06,5.0,126.0,,3.0,7.562835236,0,0,Koloriang to Parsi Parlo road,1,Newspapers & Media,0,1,4,Newspapers & Media/2023/Arunachal Pradesh/4,Kurung 1,near Kurung bridge,817.197265625,34.71693154584472,322.9265945608362,PART2
LS-0082,2023,Arunachal Pradesh,0,Kurung Kumey,27.8964705,93.42410335,2023-05-06,5.0,126.0,,3.0,7.56,0,0,Koloriang to Parsi Parlo road,1,Newspapers & Media,0,1,5,Newspapers & Media/2023/Arunachal Pradesh/5,Kurung 2,Near Kurung bridge,836.986328125,29.3218876872751,26.52083557024406,PART2
LS-0083,2023,Meghalaya,3,West Garo Hills,25.515019,90.202987,2023-05-06,5.0,126.0,,2.0,0.0,0,0,,0,Newspapers & Media,0,1,9,Newspapers & Media/2023/Meghalaya/9,Tura Civil Hospital,Tura Civil Hospital,302.83648681640625,23.471098264426644,192.01577114442767,PART2
LS-0084,2023,Sikkim,6,North Sikkim,27.613235,88.657305,2023-05-19,5.0,139.0,,2.0,13.09883959,0,0,Chungthang_Lachung_Road,1,Newspapers & Media,0,1,11,Newspapers & Media/2023/Sikkim/11,Chungthang Landslide,Chungthang_Lachung_Road,1731.767333984375,35.328117621942425,40.833014360378456,PART2
LS-0085,2023,Meghalaya,3,East Jaintia Hills,25.105844,92.36018,2023-05-27,5.0,147.0,,2.0,0.007794081,0,0,NH 6,1,Newspapers & Media,0,1,12,Newspapers & Media/2023/Meghalaya/12,Sonapur Tunnel Landslide,Near Sonapur Tunnel,55.556514739990234,22.236410286819694,221.43995875102755,PART1
LS-0086,2023,Meghalaya,3,East Jaintia Hills,25.105937,92.360245,2023-06-10,6.0,161.0,,3.0,87.10559537,0,0,NH 6,1,Newspapers & Media,0,1,15,Newspapers & Media/2023/Meghalaya/15,Sonapur Tunnel Landslide,near Sonapur Tunnel,55.556514739990234,22.236416972865424,221.439980371033,PART1
LS-0087,2023,Meghalaya,3,East Khasi Hills,25.309601,91.902608,2023-06-11,6.0,162.0,,2.0,0.0,0,0,,0,Newspapers & Media,0,1,18,Newspapers & Media/2023/Meghalaya/18,Pynursla Landslide,Riwar Mihngi circle,1320.3873291015625,21.42332604113072,0.8899075210103433,PART1
LS-0088,2023,Arunachal Pradesh,0,West Kameng,27.026924,92.610166,2023-06-12,6.0,163.0,,2.0,97.92,0,0,NH 13,1,Newspapers & Media,0,1,17,Newspapers & Media/2023/Arunachal Pradesh/17,Tippi Landslide,Balipara-Chariduar-Tawang Road (Tippi Village),169.1261444091797,1.747670747841759,160.885005460682,PART2
LS-0089,2023,Meghalaya,3,East Jaintia Hills,25.105945,92.360259,2023-06-15,6.0,166.0,Morning,3.0,0.0,0,0,NH 6,1,Newspapers & Media,0,1,19,Newspapers & Media/2023/Meghalaya/19,Sonapur Tunnel Landslide,near Sonapur Tunnel,55.556514739990234,22.236417548010802,221.43998223082275,PART1
LS-0090,2023,Sikkim,6,North Sikkim,27.603889,88.64646,2023-06-16,6.0,167.0,,2.0,3.215050509,0,0,NH 10,1,Newspapers & Media,0,1,21,Newspapers & Media/2023/Sikkim/21,Chungthang 2 Landslide,Along Chungthnag Road,1608.356689453125,2.903216327356073,5.261703075380694,PART2
LS-0091,2023,Assam,1,Kamrup Metro,26.123803,91.719487,2023-06-17,6.0,168.0,,2.0,176.45,1,1,,0,Newspapers & Media,0,1,23,Newspapers & Media/2023/Assam/23,Dhirenpara Landslide,Katahbari Main Road area,55.43020248413086,2.7469903754039713,84.50101476719942,PART2
LS-0092,2023,Meghalaya,3,East Khasi Hills,25.446165,91.57097,2023-06-17,6.0,168.0,,2.0,413.2279502,4,1,,0,Newspapers & Media,0,1,28,Newspapers & Media/2023/Meghalaya/28,Laitlarem Landslide,Laitlarem Village area,1585.38720703125,24.78957263369767,2.0782193507699844,PART1
LS-0093,2023,Meghalaya,3,West Jaintia Hills,25.205927,92.020892,2023-06-17,6.0,168.0,,2.0,237.398367,0,0,,0,Newspapers & Media,0,1,29,Newspapers & Media/2023/Meghalaya/29,Darrang Landslide,Darrang Village area,100.87614440917969,16.640234071305407,334.28527358311015,PART1
LS-0094,2023,Sikkim,6,West Sikkim,27.26933,88.250366,2023-06-18,6.0,169.0,,2.0,66.43408392,0,0,,0,Newspapers & Media,0,1,25,Newspapers & Media/2023/Sikkim/25,Kalej Khola landslide,Lower Sapung area,615.4533081054688,12.113398488874912,338.93726689720893,PART2
LS-0095,2023,Sikkim,6,West Sikkim,27.254354,88.136778,2023-06-18,6.0,169.0,,2.0,47.51506926,0,0,,0,Newspapers & Media,0,1,26,Newspapers & Media/2023/Sikkim/26,Dentam Landslide,Dentam Sub Division under Gyalshing district,1642.106201171875,37.01350208184603,73.31695149837697,PART2
LS-0096,2023,Sikkim,6,West Sikkim,27.142583,88.103311,2023-06-18,6.0,169.0,,2.0,87.17961762,0,0,,0,Newspapers & Media,0,1,27,Newspapers & Media/2023/Sikkim/27,Lower Okhrey Landslide,Sombaria area,2139.02734375,29.830642773914406,332.21473186672364,PART2
LS-0097,2023,Arunachal Pradesh,0,Papum pare,27.095932,93.828636,2023-06-23,6.0,174.0,,2.0,2.254254371,0,0,NH-415,1,Newspapers & Media,0,1,33,Newspapers & Media/2023/Arunachal Pradesh/33,Karsingsa Landslide,"NH-415, between Bandardeva and Nirjuli",114.89450073242188,13.91549687186513,192.5498680081674,PART2
LS-0098,2023,Arunachal Pradesh,0,Papum pare,27.101535,93.671454,2023-06-23,6.0,174.0,,2.0,3.966167386,0,0,Nh-415,1,Newspapers & Media,0,1,34,Newspapers & Media/2023/Arunachal Pradesh/34,Puroik Landslide,"Puroik Colony, Papu Nalah",179.51698303222656,2.8439251294520456,25.202750991879896,PART2
LS-0099,2023,Arunachal Pradesh,0,West Kameng,27.10699,92.525162,2023-06-23,6.0,174.0,,2.0,1.970178811,0,0,,0,Newspapers & Media,0,1,35,Newspapers & Media/2023/Arunachal Pradesh/35,Sessa Landslide,Balipara-Charduar-Tawang road,1180.6104736328125,7.536530561723392,29.9173162604838,PART2
LS-0100,2023,Arunachal Pradesh,0,West Siang,28.233721,94.930641,2023-06-23,6.0,174.0,,2.0,0.0,0,0,,0,Newspapers & Media,0,1,36,Newspapers & Media/2023/Arunachal Pradesh/36,Pangin Landslide,Aalo Pangin Landslide,372.9962158203125,39.90175497466261,193.3868398973543,PART2
LS-0101,2023,Mizoram,4,Aizawl,23.74506,92.71425,2023-07-04,7.0,185.0,,,0.956700019,0,0,NH 54,1,Newspapers & Media,0,1,41,Newspapers & Media/2023/Mizoram/41,Hunthar Landslide,Hunthar in western part of Aizawl,872.0555419921875,22.423354023134205,201.75613047402106,PART1
LS-0102,2023,Nagaland,5,Noklak,26.197297,95.020282,2023-07-09,7.0,190.0,,2.0,56.55963898,0,0,,0,Newspapers & Media,0,1,43,Newspapers & Media/2023/Nagaland/43,Wonthai Landslide,Wonthai area,1374.093017578125,18.632885897283863,347.4268902201904,PART2
LS-0103,2023,Nagaland,5,Noklak,26.199008,95.015413,2023-07-09,7.0,190.0,,2.0,56.55963898,0,0,,0,Newspapers & Media,0,1,44,Newspapers & Media/2023/Nagaland/44,Ehoukeh King,"Ehoukeh King, Choklangan",1388.894287109375,24.706146597899583,266.06812961000077,PART2
LS-0104,2023,Nagaland,5,Peren,25.529813,93.76566,2023-07-10,7.0,191.0,Morning,2.0,4.89017205,0,0,NH-129A,1,Newspapers & Media,0,1,45,Newspapers & Media/2023/Nagaland/45,Iron bridge landslide,Peren-Maram road,701.4901123046875,16.699255036483354,62.344221079931174,PART2
LS-0105,2023,Nagaland,5,Kiphire,25.994082,94.85535,2023-07-16,7.0,197.0,,2.0,175.991999,0,0,NH 202,1,Newspapers & Media,0,1,51,Newspapers & Media/2023/Nagaland/51,Kiphire Landslide,Shamator Kiphire Road Section,1202.1767578125,22.128350192911746,186.65724903543662,PART2
LS-0106,2023,Mizoram,4,Aizawl,23.742421,92.708782,2023-07-27,7.0,208.0,,,43.21284914,0,0,,0,Newspapers & Media,0,1,55,Newspapers & Media/2023/Mizoram/55,Vaivakawn Landslide,Vaivakawn Zohnuai area,742.9611206054688,37.35766040439417,137.15629817860832,PART1
LS-0107,2023,Arunachal Pradesh,0,Upper Subansiri,28.235584,94.144356,2023-07-28,7.0,209.0,,2.0,76.79615263,0,0,,0,Newspapers & Media,0,1,53,Newspapers & Media/2023/Arunachal Pradesh/53,Taliha Landslide,Donyi Colony in Taliha town,459.2353820800781,26.816879128197364,155.30630651766978,PART2
LS-0108,2023,Arunachal Pradesh,0,Siang district,28.14251,95.269295,2023-07-28,7.0,209.0,8:30 AM,2.0,195.0684341,0,0,NH 13,1,Newspapers & Media,0,1,54,Newspapers & Media/2023/Arunachal Pradesh/54,"NH 13, Pangin Landslide",NH 13,517.6980590820312,14.654341230396055,341.6439536451997,PART2
LS-0109,2023,Sikkim,6,East Sikkim,27.259994,88.55059,2023-08-04,8.0,216.0,,2.0,1.98,0,0,NH 10,1,Newspapers & Media,0,1,67,Newspapers & Media/2023/Sikkim/67,32 No. Landslide,"National Highway NH-10, connecting Sikkim with the mainland and capital Gangtok",673.744140625,28.766001420853666,49.31699844738529,PART2
LS-0110,2023,Meghalaya,3,East Jaintia Hills,25.106699,92.36123,2023-08-10,8.0,222.0,Night,3.0,0.909345005,0,0,NH 6,1,Newspapers & Media,0,1,61,Newspapers & Media/2023/Meghalaya/61,Sonapur Tunnel Landslide,Near Sonapur Tunnel,49.75262451171875,19.705045389300054,194.89807513167108,PART1
LS-0111,2023,Manipur,2,Noney,24.820487,93.550414,2023-08-16,8.0,228.0,4:00 PM,2.0,5.34347082,0,0,NH 37,1,Newspapers & Media,0,1,62,Newspapers & Media/2023/Manipur/62,Awangkhul Landslide,Jiribam Imphal Road,399.5615539550781,0.8326291845945739,132.4913661037067,PART1
LS-0112,2023,Manipur,2,Noney,24.826582,93.477731,2023-08-16,8.0,228.0,,2.0,4.925795606,0,0,NH 37,1,Newspapers & Media,0,1,63,Newspapers & Media/2023/Manipur/63,Khongsang Landslide,Imphal Silchar Road,471.49969482421875,21.375083584949373,56.848795414129654,PART1
LS-0113,2023,Arunachal Pradesh,0,Lower Siang,27.717104,94.697075,2023-08-18,8.0,230.0,,2.0,4.32477905,0,0,,0,Newspapers & Media,0,1,64,Newspapers & Media/2023/Arunachal Pradesh/64,Siji Landslide,Likabali Aalo Road,293.3729248046875,21.3645226533462,226.51305422473362,PART2
LS-0114,2023,Manipur,2,Noney,24.820481,93.55041,2023-08-20,8.0,232.0,7:00 AM,2.0,20.85353676,0,0,NH 37,1,Newspapers & Media,0,1,65,Newspapers & Media/2023/Manipur/65,Awangkhul Landslide,Jiribam Imphal Road,399.5615539550781,0.8326291626709991,132.4913674858867,PART1
LS-0115,2023,Sikkim,6,East Sikkim,27.259936,88.550684,2023-08-24,8.0,236.0,,2.0,21.48876357,0,0,NH 10,1,Newspapers & Media,0,1,68,Newspapers & Media/2023/Sikkim/68,32 No. Landslide,"National Highway NH-10, connecting Sikkim with the mainland and capital Gangtok",673.744140625,28.76599417120897,49.3169836743557,PART2
LS-0116,2023,Meghalaya,3,East Jaintia Hills,25.105957,92.360287,2023-08-26,8.0,238.0,,3.0,46.21286365,0,0,NH 6,1,Newspapers & Media,0,1,70,Newspapers & Media/2023/Meghalaya/70,Sonapur Tunnel Landslide,Near Sonapur Tunnel,55.556514739990234,22.236418410729364,221.43998502050871,PART1
LS-0117,2023,Arunachal Pradesh,0,West Kameng,27.204944,92.547048,2023-08-27,8.0,239.0,,2.0,13.39995506,0,0,NH 13,1,Newspapers & Media,0,1,72,Newspapers & Media/2023/Arunachal Pradesh/72,Nag Mandir Landslide,Nag Mandir - Rupa Road,1289.0,46.213048426055536,347.7178706542452,PART2
LS-0118,2023,Arunachal Pradesh,0,West Kameng,27.203191,92.38797,2023-08-27,8.0,239.0,,2.0,18.61701869,0,0,,0,Newspapers & Media,0,1,73,Newspapers & Media/2023/Arunachal Pradesh/73,Rupa Landslide,Shergaon - Rupa Road,1533.0120849609375,38.70201331162149,169.97858847766634,PART2
LS-0119,2023,Arunachal Pradesh,0,Lower Subansiri,27.552115,94.258982,2023-10-27,10.0,300.0,11:30 AM,2.0,0.0,0,0,,0,Newspapers & Media,0,1,85,Newspapers & Media/2023/Arunachal Pradesh/85,Subansiri Landslide,Near Subansiri Hydropower project dam,114.38894653320312,21.195745590348643,124.02312842838842,PART2
LS-0120,2024,Meghalaya,3,East Jaintia Hills,25.105844,92.36018,2024-02-03,2.0,34.0,4:00 AM,3.0,2.081,0,0,NH 6,1,Newspapers & Media,0,1,1,Newspapers & Media/2024/Meghalaya/1,Sonapur Tunnel Landslide,Near Sonapur Tunnel,55.556514739990234,22.236410286819694,221.43995875102755,PART1
LS-0121,2024,Arunachal Pradesh,0,Dibang Valley,28.233285,95.777581,2024-04-24,4.0,115.0,5:00 PM,3.0,31.155,0,0,NH 313,1,Newspapers & Media,0,1,1,Newspapers & Media/2024/Aarunachal Pradesh/2,Hunli and Anini,BetweeenHunli and Anini,879.6536865234375,36.070487860313975,93.03278551696451,PART2
LS-0122,2024,Meghalaya,3,East Jaintia Hills,25.102667,92.358006,2024-04-30,4.0,121.0,6:00 PM,3.0,3.825,0,0,NH 6,1,Newspapers & Media,0,1,2,Newspapers & Media/2024/Meghalaya/3,Sonapur Landslide,Near Sonapur Tunnel,64.33722686767578,47.44563734262548,230.79914134945372,PART1
LS-0123,2024,Assam,1,Dima Hasao,25.109872,92.891914,2024-05-01,5.0,122.0,,3.0,15.646,0,0,,0,Newspapers & Media,0,1,1,Newspapers & Media/2024/Assam/4,Jatinga Landslide,Between Jatinga and Harangajao Station,263.2398681640625,10.567823897933836,182.72619370771005,PART1
LS-0124,2024,Assam,1,Cachar,25.019471,92.76249,2024-05-03,5.0,124.0,,3.0,9.759,0,0,,0,Newspapers & Media,0,1,2,Newspapers & Media/2024/Assam/5,Damcherra Landslide,Badarpur Pahar line,66.21371459960938,15.973001422457727,2.468118854860336,PART1
LS-0125,2024,Arunachal Pradesh,0,KurungKu mey,27.78598,93.542196,2024-05-16,5.0,137.0,Morning,3.0,1.8,0,0,Road,1,Newspapers & Media,0,1,2,Newspapers & Media/2024/Arunachal Pradesh/6,Pach Nallah Landslide,Between Leel village and Tagum camp/6 kilo under Sangram circle,975.6314086914062,28.82939549083354,123.69438082629881,PART2
LS-0126,2024,Meghalaya,3,East Khasi Hills,25.569287,91.856166,2024-05-16,5.0,137.0,,3.0,7.69,0,0,,0,Newspapers & Media,0,1,3,Newspapers & Media/2024/Meghalaya/7,3rd Mile Landslide,Near St Gabriell Primary School,1558.210205078125,5.849900699465754,271.57974876661706,PART2
LS-0127,2024,Meghalaya,3,East Khasi Hills,25.568237,91.856614,2024-05-16,5.0,137.0,,3.0,7.69,0,0,,0,Newspapers & Media,0,1,4,Newspapers & Media/2024/Meghalaya/8,Borma Landslide,"Near Borma College, 3rd Mile",1569.1439208984375,18.17862613974629,194.29911143797938,PART2
LS-0128,2024,Meghalaya,3,East Khasi Hills,25.568556,91.873806,2024-05-17,5.0,138.0,,2.0,97.553,0,0,,0,Newspapers & Media,0,1,5,Newspapers & Media/2024/Meghalaya/10,Shillong Landslide,"Near New Assembly builidng, Meghalaya",1490.227783203125,6.315680943786274,329.4317181981798,PART2
LS-0129,2024,Sikkim,6,Pakyong,27.24534,88.61161,2024-05-17,5.0,138.0,Afternoon,2.0,1.803,0,0,,0,Newspapers & Media,0,1,1,Newspapers & Media/2024/Sikkim/9,Pakyong DC office Landslide,Near under construction DC office,1416.3865966796875,4.522204634295541,349.1662354256887,PART2
LS-0130,2024,Assam,1,Tinsukia,27.282038,95.738226,2024-05-26,5.0,147.0,12:30,2.0,21.025,0,0,,0,Newspapers & Media,0,1,3,Newspapers & Media/2024/Assam/11,Tikok Landslide,Situated between Bargolai and Namdang under the Tikok colliery in Ledo,226.3466033935547,13.492415184361462,181.02551510853667,PART2
LS-0131,2024,Assam,1,Dhemaji,27.532524,94.263033,2024-05-27,5.0,148.0,Day,2.0,50.167,1,1,,0,Newspapers & Media,0,1,4,Newspapers & Media/2024/Assam/12,Subansiri Landslide,NHPC Lower Subansiri Hydroelectricity Project in Gogamukh,105.0,0.0,,PART2
LS-0132,2024,Manipur,2,Ukhrul,24.67507,94.27133,2024-05-27,5.0,148.0,10:30 AM,3.0,89.176,0,0,,0,Newspapers & Media,0,1,1,Newspapers & Media/2024/Manipur/16,Kasom Landslide,Near Kasom Village,1341.9215087890625,29.223996115691627,289.01733583449084,PART1
LS-0133,2024,Meghalaya,3,East Jaintia Hills,25.106205,92.360977,2024-05-27,5.0,148.0,10:00,3.0,227.273,0,0,NH 6,1,Newspapers & Media,0,1,6,Newspapers & Media/2024/Meghalaya/17,Sonapur Tunnel Landslide,Near Sonapur Tunnel,79.4827880859375,38.36164816507699,223.73511048375022,PART1
LS-0134,2024,Manipur,2,Imphal,24.78167,93.7777,2024-05-28,5.0,149.0,,3.0,347.347,0,0,NH 37,1,Newspapers & Media,0,1,2,Newspapers & Media/2024/Manipur/30,Imphal Landslide,Imphal Jiribam Road,1002.2315673828125,11.819124142816696,94.7960572672971,PART1
LS-0135,2024,Manipur,2,Senapati,25.26763,93.97409,2024-05-28,5.0,149.0,,2.0,271.775,1,1,,0,Newspapers & Media,0,1,3,Newspapers & Media/2024/Manipur/31,Senapati Landslide,Senapati Thonglang Road,1605.2659912109375,16.612708203094567,145.41243724723552,PART1
LS-0136,2024,Meghalaya,3,East Khasi Hills,25.363389,91.614595,2024-05-28,5.0,149.0,Morning,2.0,278.215,1,1,,0,Newspapers & Media,0,1,7,Newspapers & Media/2024/Meghalaya/18,Weilong Landslide,East Khasi Hills,1626.7437744140625,5.091944211910877,85.36749972596311,PART1
LS-0137,2024,Meghalaya,3,East Khasi Hills,25.62836,91.893134,2024-05-28,5.0,149.0,4:00 AM,2.0,292.477,0,0,,0,Newspapers & Media,0,1,8,Newspapers & Media/2024/Meghalaya/19,Mawlai Landslide,East Khasi Hills,1264.058349609375,8.81523342554677,359.11592411614816,PART2
LS-0138,2024,Meghalaya,3,East Khasi Hills,25.625808,91.902597,2024-05-28,5.0,149.0,5:00 AM,2.0,293.352,0,0,,0,Newspapers & Media,0,1,9,Newspapers & Media/2024/Meghalaya/20,Mawkynroh Landslide,East Khasi Hills,1269.3739013671875,15.465074610801569,61.69171387552336,PART2
LS-0139,2024,Meghalaya,3,East Khasi Hills,25.453314,91.751767,2024-05-28,5.0,149.0,Morning,3.0,302.408,0,0,,0,Newspapers & Media,0,1,10,Newspapers & Media/2024/Meghalaya/21,Mawphland Landslide,Mawphland Block,1787.804443359375,20.717935417005645,8.550175512049464,PART1
LS-0140,2024,Meghalaya,3,East Khasi Hills,25.567062,91.871489,2024-05-28,5.0,149.0,Morning,2.0,115.358,0,0,,0,Newspapers & Media,0,1,11,Newspapers & Media/2024/Meghalaya/22,Rilbong Landslide,Near Rilbong Beat House,1520.71044921875,5.665695985922332,226.4215313887761,PART2
LS-0141,2024,Meghalaya,3,East Khasi Hills,25.560962,91.881821,2024-05-28,5.0,149.0,Morning,2.0,115.358,0,0,,0,Newspapers & Media,0,1,12,Newspapers & Media/2024/Meghalaya/23,Lumparing Landslide,Lower Lumparing,1578.6533203125,7.742503067774225,90.08817073271894,PART2
LS-0142,2024,Meghalaya,3,South West Khasi Hills,25.39192932,91.3896869,2024-05-28,5.0,149.0,Morning,2.0,73.799,0,0,,0,Newspapers & Media,0,1,13,Newspapers & Media/2024/Meghalaya/24,13 KM Landslide,MR Road,1531.677001953125,20.598776748460395,260.1318453239392,PART1
LS-0143,2024,Mizoram,4,Aizawl,23.68059,92.71768,2024-05-28,5.0,149.0,6:00 AM,2.0,660.93,28,1,,0,Newspapers & Media,0,1,1,Newspapers & Media/2024/Mizoram/13,Hlimen Landslide,"Situated between Meltham and Hlimen in the southern part of Aizawl city, Mizoram",1103.2733154296875,32.325078389622874,271.0834692022672,PART1
LS-0144,2024,Mizoram,4,Aizawl,23.74506,92.71425,2024-05-28,5.0,149.0,,3.0,596.485,0,0,NH-54,1,Newspapers & Media,0,1,2,Newspapers & Media/2024/Mizoram/14,Hunthar Landslide,Western outskirts of Aizawl,872.0555419921875,22.423354023134205,201.75613047402106,PART1
LS-0145,2024,Mizoram,4,Aizawl,23.71769,92.7266,2024-05-28,5.0,149.0,,2.0,596.485,0,0,,0,Newspapers & Media,0,1,3,Newspapers & Media/2024/Mizoram/15,Salem Landslide,Near Aizawl City,825.9204711914062,15.951519535591979,161.159902064613,PART1
LS-0146,2024,Mizoram,4,Aizawl,23.62224,92.72635,2024-05-28,5.0,149.0,,2.0,656.676,2,1,,0,Newspapers & Media,0,1,4,Newspapers & Media/2024/Mizoram/27,Falkawn Landslide,Falkawn Village,770.3856811523438,7.202359878721499,99.27694139066409,PART1
LS-0147,2024,Mizoram,4,Aizawl,23.45122,92.68159,2024-05-28,5.0,149.0,,2.0,594.249,1,1,,0,Newspapers & Media,0,1,5,Newspapers & Media/2024/Mizoram/28,Lungsei Landslide,Lungsei Village,906.8558349609375,26.969729833690966,309.3770378782845,PART1
LS-0148,2024,Mizoram,4,Aizawl,23.55912,92.70656,2024-05-28,5.0,149.0,,2.0,536.282,1,1,,0,Newspapers & Media,0,1,6,Newspapers & Media/2024/Mizoram/29,Aibawk Landslide,Aibawk Village,790.793212890625,14.230393072174705,340.07374772306287,PART1
LS-0149,2024,Nagaland,5,Phek,25.582963,94.298515,2024-05-28,5.0,149.0,,2.0,194.3,1,1,,0,Newspapers & Media,0,1,1,Newspapers & Media/2024/Nagaland/25,Rekizu Landslide,Rekizu Ward,2011.2506103515625,23.207843487522197,44.48796306883901,PART2
LS-0150,2024,Nagaland,5,Phek,25.579584,94.220527,2024-05-28,5.0,149.0,,2.0,194.3,0,0,,0,Newspapers & Media,0,1,2,Newspapers & Media/2024/Nagaland/26,Kikruma Landslide,Kikruma Village,1595.8189697265625,25.560208028348793,11.007421968276617,PART2
LS-0151,2024,Assam,1,Kamrup Metro,26.144954,91.747639,2024-05-29,5.0,150.0,,2.0,206.555,1,1,,0,Newspapers & Media,0,1,5,Newspapers & Media/2024/Assam/32,Krishna Nagar Landslide,Lal Ganesh Area,118.9326171875,5.578347657552417,5.215596867216959,PART2
LS-0152,2024,Assam,1,Dima Hasao,25.179895,93.116465,2024-05-30,5.0,151.0,,3.0,154.662,0,0,NH 27,1,Newspapers & Media,0,1,8,Newspapers & Media/2024/Assam/38,Mahur Landslide,Mahur Lasang Road,563.2509765625,13.276977706682743,335.0662998987086,PART1
LS-0153,2024,Assam,1,Dima Hasao,25.202045,93.01028,2024-05-30,5.0,151.0,,3.0,511.005,0,0,,0,Newspapers & Media,0,1,9,Newspapers & Media/2024/Assam/39,Lungkhok Landslide,"Road side, Lungkhok",397.9385681152344,25.676937576007408,197.10891912284916,PART1
LS-0154,2024,Assam,1,Dima Hasao,25.1934,93.020431,2024-05-30,5.0,151.0,,3.0,373.117,0,0,,0,Newspapers & Media,0,1,10,Newspapers & Media/2024/Assam/40,Bethel Landslide,"Road side, Bethel",469.8618469238281,12.302579912458476,82.51645051426738,PART1
LS-0155,2024,Assam,1,Kamrup Metro,26.190964,91.775725,2024-05-30,5.0,151.0,1:30,2.0,44.782,0,0,,0,Newspapers & Media,0,1,11,Newspapers & Media/2024/Assam/41,Rudra Nagar Landslide,"Chandmari, Guwahati",111.16641235351562,21.323473666556183,67.91447600094693,PART2
LS-0156,2024,Meghalaya,3,East Khasi Hills,25.271534,91.748951,2024-05-30,5.0,151.0,,3.0,564.639,4,1,,0,Newspapers & Media,0,1,14,Newspapers & Media/2024/Meghalaya/35,Nongpriang Landslide,Nongpriang village under Shella Block,668.8790283203125,30.91522764463788,35.04581891541994,PART1
LS-0157,2024,Meghalaya,3,East Jaintia Hills,25.15457,92.368435,2024-05-30,5.0,151.0,,3.0,599.519,0,0,NH 6,1,Newspapers & Media,0,1,15,Newspapers & Media/2024/Meghalaya/42,Lumshnong Landslide,Along Lumshnong Road Side,267.4786682128906,9.072201402774382,54.34022909496662,PART1
LS-0158,2024,Sikkim,6,Gangtok,27.62714,88.67311,2024-06-01,6.0,153.0,,3.0,0.54,0,0,,0,Newspapers & Media,0,1,2,Newspapers & Media/2024/Sikkim/33,Matim Landslide,Maltin and BOP areas,2087.318603515625,54.914761213870456,336.5470353457954,PART2
LS-0159,2024,Sikkim,6,Gangtok,27.37194,88.61639,2024-06-01,6.0,153.0,,3.0,0.0,0,0,,0,Newspapers & Media,0,1,3,Newspapers & Media/2024/Sikkim/34,Tashi Landslide,Gangtok Mangan Road,1880.90283203125,22.720717953923867,257.1274193412067,PART2
LS-0160,2024,Assam,1,Kamrup Metro,26.125215,91.71827,2024-06-03,6.0,155.0,Daytime,3.0,70.83,1,1,,0,Newspapers & Media,0,1,6,Newspapers & Media/2024/Assam/36,Katahbari Landslide,"Masjid Road No. 1, Katahbari",108.87065124511719,20.980785279392048,127.2734914840795,PART2
LS-0161,2024,Assam,1,Kamrup Metro,26.160366,91.698208,2024-06-03,6.0,155.0,Daytime,2.0,72.56,0,0,,0,Newspapers & Media,0,1,7,Newspapers & Media/2024/Assam/37,Gramya Nagar Landslide,"Gramya Nagar Path, Pandu",88.58183288574219,28.836598708882303,20.492096694901534,PART2
LS-0162,2024,Sikkim,6,Namchi,27.29403,88.41938,2024-06-10,6.0,162.0,6:30 AM,2.0,2.4,3,1,,0,Newspapers & Media,0,1,4,Newspapers & Media/2024/Sikkim/43,Majua Landslide,Yangang area,1328.4368896484375,12.757545194090504,123.01557441389235,PART2
LS-0163,2024,Mizoram,4,Mamit,23.75095,92.27094,2024-06-11,6.0,163.0,,2.0,70.7,0,0,,0,Newspapers & Media,0,1,7,Newspapers & Media/2024/Mizoram/49,Khantlang Landslide,Khantlang Village in Mamitdistrcit,597.28564453125,27.65274790164922,98.38400943852889,PART1
LS-0164,2024,Sikkim,6,Gangtok,27.23553,88.50579,2024-06-11,6.0,163.0,,3.0,10.0,0,0,NH 10,1,Newspapers & Media,0,1,6,Newspapers & Media/2024/Sikkim/46,Shantinagar Landslide,Shantinagar Area in Singtam,421.1888427734375,42.032610683867325,36.98204800511536,PART2
LS-0165,2024,Sikkim,6,Gangtok,27.32167,88.60993,2024-06-11,6.0,163.0,,3.0,13.6,0,0,,0,Newspapers & Media,0,1,7,Newspapers & Media/2024/Sikkim/47,Pani House Landslide,Pani House area in Gangtok,1580.4141845703125,32.213126390856694,286.4231123660453,PART2
LS-0166,2024,Sikkim,6,Mangan,27.86372,88.54756,2024-06-11,6.0,163.0,,3.0,13.6,0,0,,0,Newspapers & Media,0,1,8,Newspapers & Media/2024/Sikkim/48,Zeema Landslide,Zeema region in North Sikkim,3699.867919921875,35.63318110508785,249.18226774023591,PART2
LS-0167,2024,Sikkim,6,Mangan,27.50028,88.53445,2024-06-13,6.0,165.0,,3.0,99.0,6,1,,0,Newspapers & Media,0,1,5,Newspapers & Media/2024/Sikkim/45,Mangan Landslide,Mangan Area,1174.0736083984375,17.945128423603215,225.24317803521853,PART2
LS-0168,2024,Sikkim,6,Mangan,27.50669,88.55658,2024-06-13,6.0,165.0,,2.0,99.0,3,1,,0,Newspapers & Media,0,1,9,Newspapers & Media/2024/Sikkim/50,Pakshep Landslide,Pakshep area in Mangan,1699.6141357421875,25.059905353332496,176.7223631671185,PART2
LS-0169,2024,Sikkim,6,Mangan,27.5086,88.52691,2024-06-13,6.0,165.0,,3.0,99.0,0,0,,0,Newspapers & Media,0,1,10,Newspapers & Media/2024/Sikkim/51,Sangkalang Landslide,Near Sangkalang Bridge,753.7308959960938,19.180196177674972,203.10984079116332,PART2
LS-0170,2024,Meghalaya,3,Ri Bhoi,25.82781,91.874287,2024-06-14,6.0,166.0,,2.0,107.0,0,0,NH 6,1,Field Survey,2,1,19,Newspapers & Media/2024/Meghalaya/57,Ri Palei Landslide,Ri Bhoi region,570.809814453125,8.501349014637618,103.75303912102856,PART2
LS-0171,2024,Meghalaya,3,Ri Bhoi,25.800588,91.875187,2024-06-14,6.0,166.0,,2.0,107.0,0,0,NH 6,1,Field Survey,2,1,20,Newspapers & Media/2024/Meghalaya/58,Umsamlem Landslide,Ri Bhoi region,606.1914672851562,24.12518058851778,282.1817194695362,PART2
LS-0172,2024,Meghalaya,3,Ri Bhoi,25.679203,91.899853,2024-06-14,6.0,166.0,,2.0,234.0,0,0,NH 6,1,Field Survey,2,1,21,Newspapers & Media/2024/Meghalaya/59,Umiam Landslide,Ri Bhoi region,967.6685791015625,31.315578306853535,209.76087803314314,PART2
LS-0173,2024,Arunachal Pradesh,0,Upper Siang,28.748529,94.910333,2024-06-15,6.0,167.0,,3.0,23.9,0,0,,0,Newspapers & Media,0,1,3,Newspapers & Media/2024/Arunachal Pradesh/52,Bomdo Landslide,Between Ramsing and Bomdo,433.3520202636719,19.321692323389044,111.67767950987707,PART2
LS-0174,2024,Meghalaya,3,East Jaintia Hills,25.162582,92.38607,2024-06-15,6.0,167.0,12:25 PM,3.0,246.0,0,0,NH 6,1,Newspapers & Media,0,1,16,Newspapers & Media/2024/Meghalaya/44,Lumshnong 2 Landslide,Lumshnong area along NH 6,376.1923828125,24.451218423799904,74.89286112371218,PART1
LS-0175,2024,Meghalaya,3,South West Khasi Hills,25.568354,91.866635,2024-06-15,6.0,167.0,,2.0,140.0,0,0,,0,Newspapers & Media,0,1,17,Newspapers & Media/2024/Meghalaya/53,Lummawbah Landslide,South West Khasi Hills,1497.5889892578125,9.722145810148156,87.14793972291085,PART2
LS-0176,2024,Meghalaya,3,South West Khasi Hills,25.368971,91.466408,2024-06-15,6.0,167.0,,2.0,272.9,0,0,,0,Newspapers & Media,0,1,22,Newspapers & Media/2024/Meghalaya/60,Mawkyrwat Landslide,Mawkyrwat block,1549.3662109375,21.58691200837285,197.0586514969596,PART1
LS-0177,2024,Meghalaya,3,South West Khasi Hills,25.225818,91.236212,2024-06-15,6.0,167.0,,2.0,147.44,0,0,,0,Newspapers & Media,0,1,23,Newspapers & Media/2024/Meghalaya/61,Ranikor Landslide,Ranikor Block,88.20831298828125,14.004266400806117,330.00325941419993,PART1
LS-0178,2024,Meghalaya,3,West Garo Hills,25.599743,90.257292,2024-06-15,6.0,167.0,,1.0,125.69,0,0,NH 217,1,Field Survey,2,1,58,Newspapers & Media/2024/Meghalaya/187,Rongram Landslide,Near Rongram Nepali Baptist Church,422.2034606933594,12.03727384356741,133.92405099217933,PART2
LS-0179,2024,Meghalaya,3,East Garo Hills,25.556716,90.420247,2024-06-15,6.0,167.0,,1.0,125.69,0,0,SH 1,1,Field Survey,2,1,59,Newspapers & Media/2024/Meghalaya/188,Mangrure Landslide 1,Tura Williamnagar Road,465.4007568359375,27.411835186632594,64.64004677250267,PART2
LS-0180,2024,Meghalaya,3,East Garo Hills,25.556503,90.420122,2024-06-15,6.0,167.0,,1.0,125.69,0,0,SH 1,1,Field Survey,2,1,60,Newspapers & Media/2024/Meghalaya/189,Mangrure Landslide 2,Tura Williamnagar Road,476.2195739746094,27.590779559882318,60.21851201023378,PART2
LS-0181,2024,Meghalaya,3,East Garo Hills,25.556389,90.420051,2024-06-15,6.0,167.0,,1.0,125.69,0,0,SH 1,1,Field Survey,2,1,61,Newspapers & Media/2024/Meghalaya/190,Mangrure Landslide 3,Tura Williamnagar Road,476.2195739746094,27.590762703621216,60.21848850998339,PART2
LS-0182,2024,Meghalaya,3,East Garo Hills,25.549989,90.412596,2024-06-15,6.0,167.0,,1.0,125.69,0,0,SH 1,1,Field Survey,2,1,62,Newspapers & Media/2024/Meghalaya/191,Simsang Landslide 1,Tura Williamnagar Road,471.3088684082031,25.70820314164706,359.7993900020092,PART2
LS-0183,2024,Meghalaya,3,East Garo Hills,25.55002,90.412686,2024-06-15,6.0,167.0,,1.0,125.69,0,0,SH 1,1,Field Survey,2,1,63,Newspapers & Media/2024/Meghalaya/192,Simsang Landslide 2,Tura Williamnagar Road,472.2780456542969,28.270287136272216,4.070201228277313,PART2
LS-0184,2024,Meghalaya,3,East Garo Hills,25.549016,90.408643,2024-06-15,6.0,167.0,,1.0,125.69,0,0,SH 1,1,Field Survey,2,1,64,Newspapers & Media/2024/Meghalaya/193,Simsang Landslide 3,Tura Williamnagar Road,463.82928466796875,28.395175863225987,13.031616087986947,PART2
LS-0185,2024,Meghalaya,3,East Garo Hills,25.547884,90.385679,2024-06-15,6.0,167.0,,1.0,125.69,0,0,SH 1,1,Field Survey,2,1,65,Newspapers & Media/2024/Meghalaya/194,Durakalakgre Landslide,Tura Williamnagar Road,494.89947509765625,19.9359177207302,293.9760842898777,PART2
LS-0186,2024,Meghalaya,3,West Garo Hills,25.561542,90.351459,2024-06-15,6.0,167.0,,1.0,125.69,0,0,SH 1,1,Field Survey,2,1,66,Newspapers & Media/2024/Meghalaya/195,Matchurigre Landslide 1,Tura Williamnagar Road,520.6331787109375,21.471228077215116,307.1229804840693,PART2
LS-0187,2024,Meghalaya,3,West Garo Hills,25.561887,90.351379,2024-06-15,6.0,167.0,,1.0,125.69,0,0,SH 1,1,Field Survey,2,1,67,Newspapers & Media/2024/Meghalaya/196,Matchurigre Landslide 2,Tura Williamnagar Road,522.86181640625,26.760116969684507,290.0070520640517,PART2
LS-0188,2024,Meghalaya,3,West Garo Hills,25.561884,90.351379,2024-06-15,6.0,167.0,,1.0,125.69,0,0,SH 1,1,Field Survey,2,1,68,Newspapers & Media/2024/Meghalaya/197,Matchurigre Landslide 3,Tura Williamnagar Road,522.86181640625,26.760116460332075,290.0070525253569,PART2
LS-0189,2024,Meghalaya,3,West Garo Hills,25.561705,90.349382,2024-06-15,6.0,167.0,,1.0,125.69,0,0,SH 1,1,Field Survey,2,1,69,Newspapers & Media/2024/Meghalaya/198,Matchurigre Landslide 4,Tura Williamnagar Road,532.6704711914062,26.196169028610118,12.066611665766743,PART2
LS-0190,2024,Meghalaya,3,West Garo Hills,25.557146,90.341414,2024-06-15,6.0,167.0,,1.0,125.69,0,0,SH 1,1,Field Survey,2,1,70,Newspapers & Media/2024/Meghalaya/199,Matchurigre Landslide 5,Tura Williamnagar Road,616.4326171875,26.259535484336276,5.297132783992936,PART2
LS-0191,2024,Meghalaya,3,West Garo Hills,25.55621,90.341198,2024-06-15,6.0,167.0,,1.0,125.69,0,0,SH 1,1,Field Survey,2,1,71,Newspapers & Media/2024/Meghalaya/200,Matchurigre Landslide 6,Tura Williamnagar Road,629.3353271484375,10.167173111784589,80.43656897373671,PART2
LS-0192,2024,Meghalaya,3,West Garo Hills,25.555088,90.340616,2024-06-15,6.0,167.0,,1.0,125.69,0,0,SH 1,1,Field Survey,2,1,72,Newspapers & Media/2024/Meghalaya/201,Matchurigre Landslide 7,Tura Williamnagar Road,612.1469116210938,23.41813627254723,37.223530561533266,PART2
LS-0193,2024,Meghalaya,3,West Garo Hills,25.556378,90.236012,2024-06-15,6.0,167.0,,1.0,125.69,0,0,NH 217,1,Field Survey,2,1,73,Newspapers & Media/2024/Meghalaya/202,Chasingre Landslide,Tura RongramDedenggre Road,437.58770751953125,10.411557975141214,257.06575074139636,PART2
LS-0194,2024,Meghalaya,3,West Garo Hills,25.545538,90.230769,2024-06-15,6.0,167.0,,1.0,125.69,0,0,,0,Field Survey,2,1,74,Newspapers & Media/2024/Meghalaya/203,Rongkon Landslide,Near Rongkon Poultry Farm,397.7198181152344,8.793879971865524,30.937125746476738,PART2
LS-0195,2024,Meghalaya,3,West Garo Hills,25.308286,90.204561,2024-06-15,6.0,167.0,,1.0,125.69,0,0,NH 217,1,Field Survey,2,1,75,Newspapers & Media/2024/Meghalaya/204,Rengsipara Landslide 1,Paikan Tura Dalu Road,112.13970184326172,3.4597596905591224,155.77778434173206,PART1
LS-0196,2024,Meghalaya,3,West Garo Hills,25.308134,90.204644,2024-06-15,6.0,167.0,,1.0,125.69,0,0,NH 217,1,Field Survey,2,1,76,Newspapers & Media/2024/Meghalaya/205,Rengsipara Landslide 2,Paikan Tura Dalu Road,116.37973022460938,8.478199331960466,169.53550399907795,PART1
LS-0197,2024,Meghalaya,3,West Garo Hills,25.496547,90.220672,2024-06-15,6.0,167.0,,1.0,125.69,0,0,NH 217,1,Field Survey,2,1,77,Newspapers & Media/2024/Meghalaya/206,Bolpuchring Landslide 1,Paikan Tura Dalu Road,321.2816467285156,33.19507460297655,350.5787560299501,PART1
LS-0198,2024,Meghalaya,3,West Garo Hills,25.496702,90.221742,2024-06-15,6.0,167.0,,1.0,125.69,0,0,NH 217,1,Field Survey,2,1,78,Newspapers & Media/2024/Meghalaya/207,Bolpuchring Landslide 2,Paikan Tura Dalu Road,324.26202392578125,13.59162325044198,345.4088687402152,PART1
LS-0199,2024,Meghalaya,3,West Garo Hills,25.496123,90.222287,2024-06-15,6.0,167.0,,1.0,125.69,0,0,NH 217,1,Field Survey,2,1,79,Newspapers & Media/2024/Meghalaya/208,Bolpuchring Landslide 3,Paikan Tura Dalu Road,326.5908203125,23.43372236216661,218.01245362302907,PART1
LS-0200,2024,Meghalaya,3,West Garo Hills,25.47651,90.223143,2024-06-15,6.0,167.0,,1.0,125.69,0,0,NH 217,1,Field Survey,2,1,80,Newspapers & Media/2024/Meghalaya/209,Derengre Landslide,Paikan Tura Dalu Road,241.8148193359375,12.034631309550257,74.1074008271438,PART1
LS-0201,2024,Meghalaya,3,West Garo Hills,25.470969,90.220833,2024-06-15,6.0,167.0,,1.0,125.69,0,0,NH 217,1,Field Survey,2,1,81,Newspapers & Media/2024/Meghalaya/210,Dinasagre Landslide 1,Paikan Tura Dalu Road,206.6259002685547,16.59286163584466,85.25654854733284,PART1
LS-0202,2024,Meghalaya,3,West Garo Hills,25.469956,90.220708,2024-06-15,6.0,167.0,,1.0,125.69,0,0,NH 217,1,Field Survey,2,1,82,Newspapers & Media/2024/Meghalaya/211,Dinasagre Landslide 2,Paikan Tura Dalu Road,197.12542724609375,22.840540705017617,77.24559683845581,PART1
LS-0203,2024,Meghalaya,3,West Garo Hills,25.399736,90.223057,2024-06-15,6.0,167.0,,1.0,125.69,0,0,NH 217,1,Field Survey,2,1,83,Newspapers & Media/2024/Meghalaya/212,Rongbretgre Landslide 1,Paikan Tura Dalu Road,146.43960571289062,18.706908348891435,182.9682055568504,PART1
LS-0204,2024,Meghalaya,3,West Garo Hills,25.396902,90.226635,2024-06-15,6.0,167.0,,1.0,125.69,0,0,NH 217,1,Field Survey,2,1,84,Newspapers & Media/2024/Meghalaya/213,Rongbretgre Landslide 2,Paikan Tura Dalu Road,143.01535034179688,9.207896572030881,99.90980697304485,PART1
LS-0205,2024,Meghalaya,3,West Garo Hills,25.395992,90.22618,2024-06-15,6.0,167.0,,1.0,125.69,0,0,NH 217,1,Field Survey,2,1,85,Newspapers & Media/2024/Meghalaya/214,Rongbretgre Landslide 3,Paikan Tura Dalu Road,146.65341186523438,6.778031343607663,309.17364023242146,PART1
LS-0206,2024,Meghalaya,3,West Garo Hills,25.39366,90.225665,2024-06-15,6.0,167.0,,1.0,125.69,0,0,NH 217,1,Field Survey,2,1,86,Newspapers & Media/2024/Meghalaya/215,Rongbretgre Landslide 4,Paikan Tura Dalu Road,148.3535614013672,8.497379003398317,28.054758747248684,PART1
LS-0207,2024,Meghalaya,3,West Garo Hills,25.355696,90.222252,2024-06-15,6.0,167.0,,1.0,125.69,0,0,NH 217,1,Field Survey,2,1,87,Newspapers & Media/2024/Meghalaya/216,Santogre Landslide 1,Paikan Tura Dalu Road,147.44151306152344,20.14673930065327,353.9637595968842,PART1
LS-0208,2024,Meghalaya,3,West Garo Hills,25.355738,90.222034,2024-06-15,6.0,167.0,,1.0,125.69,0,0,NH 217,1,Field Survey,2,1,88,Newspapers & Media/2024/Meghalaya/217,Santogre Landslide 2,Paikan Tura Dalu Road,149.1885223388672,21.21490390764534,6.029562400195687,PART1
LS-0209,2024,Meghalaya,3,West Garo Hills,25.338717,90.203781,2024-06-15,6.0,167.0,,1.0,125.69,0,0,NH 217,1,Field Survey,2,1,89,Newspapers & Media/2024/Meghalaya/218,Kherapara Landslide 1,Paikan Tura Dalu Road,173.54408264160156,8.33261962597472,32.072534384189964,PART1
LS-0210,2024,Meghalaya,3,West Garo Hills,25.324709,90.205449,2024-06-15,6.0,167.0,,1.0,125.69,0,0,NH 217,1,Field Survey,2,1,90,Newspapers & Media/2024/Meghalaya/219,Kherapara Landslide 2,Paikan Tura Dalu Road,171.00950622558594,16.176748441671357,31.37339853982678,PART1
LS-0211,2024,Meghalaya,3,West Garo Hills,25.324395,90.205134,2024-06-15,6.0,167.0,,1.0,125.69,0,0,NH 217,1,Field Survey,2,1,91,Newspapers & Media/2024/Meghalaya/220,Kherapara Landslide 3,Paikan Tura Dalu Road,171.23382568359375,12.117051954437269,56.14292332103355,PART1
LS-0212,2024,Meghalaya,3,West Garo Hills,25.324305,90.205068,2024-06-15,6.0,167.0,,1.0,125.69,0,0,NH 217,1,Field Survey,2,1,92,Newspapers & Media/2024/Meghalaya/221,Kherapara Landslide 4,Paikan Tura Dalu Road,168.78060913085938,13.527729103910513,78.24290393655934,PART1
LS-0213,2024,Meghalaya,3,West Garo Hills,25.314873,90.200065,2024-06-15,6.0,167.0,,1.0,125.69,0,0,NH 217,1,Field Survey,2,1,93,Newspapers & Media/2024/Meghalaya/222,Dopogre Landslide 1,Paikan Tura Dalu Road,142.03579711914062,3.260146883302801,300.96180752410845,PART1
LS-0214,2024,Meghalaya,3,West Garo Hills,25.314952,90.200072,2024-06-15,6.0,167.0,,1.0,125.69,0,0,NH 217,1,Field Survey,2,1,94,Newspapers & Media/2024/Meghalaya/223,Dopogre Landslide 2,Paikan Tura Dalu Road,142.03579711914062,3.260148443426137,300.96179103869986,PART1
LS-0215,2024,Tripura,7,West Tripura,23.878866,91.705846,2024-06-15,6.0,167.0,,3.0,0.53,0,0,,0,Newspapers & Media,0,1,1,Newspapers & Media/2024/Tripura/54,Mungiakami Landslide,Mile 35 in Mungiakami region,106.49332427978516,10.861930648114459,329.7133199726766,PART1
LS-0216,2024,Arunachal Pradesh,0,Changlang,27.141177,95.746747,2024-06-16,6.0,168.0,,3.0,9.29,0,0,,0,Newspapers & Media,0,1,6,Newspapers & Media/2024/Arunachal Pradesh/67,Rangfra Landslide,"Near Rangfra Mandir, Changlang",472.7594299316406,19.895719589268477,38.715110609194596,PART2
LS-0217,2024,Nagaland,5,Kiphire,25.881651,94.780119,2024-06-16,6.0,168.0,11:00,2.0,0.21,0,0,,0,Newspapers & Media,0,1,3,Newspapers & Media/2024/Nagaland/56,Medical Ward Landslide,"Medical ward, Kiphire",1067.2218017578125,19.05503995605022,324.7692646325574,PART2
LS-0218,2024,Meghalaya,3,West Khasi Hills,25.52819,91.433141,2024-06-17,6.0,169.0,,3.0,312.0,0,0,,0,Newspapers & Media,0,1,18,Newspapers & Media/2024/Meghalaya/55,Markasa Landslide,Markasa village under Mawthadraishan block,1506.6356201171875,9.251206931635798,249.75878436537474,PART2
LS-0219,2024,Meghalaya,3,East Jaintia Hills,25.152774,92.220332,2024-06-17,6.0,169.0,,2.0,276.0,0,0,,0,Newspapers & Media,0,1,25,Newspapers & Media/2024/Meghalaya/65,Karkhana Landslide,Karkhana Village,52.69143295288086,5.197625158672773,215.96963108263944,PART1
LS-0220,2024,Arunachal Pradesh,0,Papum Pare,27.121869,93.783419,2024-06-18,6.0,170.0,,3.0,47.33,0,0,NH 415,1,Newspapers & Media,0,1,4,Newspapers & Media/2024/Arunachal Pradesh/62,Karsingsa Landslide,Between Nirjuli and Banderdewa,128.4537811279297,5.55586685253171,138.1993509731824,PART2
LS-0221,2024,Assam,1,Karimganj,24.787043,92.523786,2024-06-19,6.0,171.0,12:45,2.0,199.48,5,1,,0,Newspapers & Media,0,1,12,Newspapers & Media/2024/Assam/63,Bendargool Landslide,Between Gainachora- Bendargool village,28.521228790283203,6.732104801554915,70.56075572083881,PART1
LS-0222,2024,Meghalaya,3,East Khasi Hills,25.518951,91.828582,2024-06-19,6.0,171.0,,2.0,349.0,0,0,,0,Field Survey,2,1,24,Newspapers & Media/2024/Meghalaya/64,Pomlum Landslide,Pomlum village in Laitlyngkot,1761.984130859375,16.862459284893784,225.61704618208967,PART2
LS-0223,2024,Arunachal Pradesh,0,Papum Pare,27.099654,93.62708,2024-06-23,6.0,175.0,10:30,2.0,7.91,0,0,NH 415,1,Newspapers & Media,0,1,5,Newspapers & Media/2024/Arunachal Pradesh/66,Itanagar Landslide,Itanagar City Area,397.7671203613281,3.124664841725975,317.96665038083654,PART2
LS-0224,2024,Arunachal Pradesh,0,Lower Siang,27.923784,94.711676,2024-06-25,6.0,177.0,,3.0,276.6,0,0,NH 13,1,Newspapers & Media,0,1,8,Newspapers & Media/2024/Arunachal Pradesh/69,Siji Landslide,Likabali-Basar- Daporijo Road,907.0946655273438,32.05028882150231,248.9397916456721,PART2
LS-0225,2024,Arunachal Pradesh,0,West Kameng,27.03649,92.605617,2024-06-26,6.0,178.0,,3.0,163.89,0,0,,0,Newspapers & Media,0,1,7,Newspapers & Media/2024/Arunachal Pradesh/68,Tippi Landslide,Road connecting Bomdila-Seppa- Tawang.,176.45594787597656,12.686051631548494,147.7040418066265,PART2
LS-0226,2024,Meghalaya,3,East Khasi Hills,25.510164,91.700373,2024-06-28,6.0,180.0,,1.0,43.61,0,0,,0,Field Survey,2,1,26,Newspapers & Media/2024/Meghalaya/81,Sohiong Landslide,Mawmaram Road,1739.510009765625,13.876074526763139,68.98434066365888,PART2
LS-0227,2024,Nagaland,5,Mokokchung,26.328052,94.524576,2024-06-28,6.0,180.0,1:30 AM,2.0,100.43,0,0,NH 2,1,Newspapers & Media,0,1,4,Newspapers & Media/2024/Nagaland/70,Tongdentsuyo ng Landslide,Tongdentsuyon g ward near butcher shop,1272.275390625,36.77011446597822,240.91755373339558,PART2
LS-0228,2024,Sikkim,6,Gangtok,27.32468,88.60395,2024-06-28,6.0,180.0,,3.0,11.56,0,0,,0,Newspapers & Media,0,1,11,Newspapers & Media/2024/Sikkim/74,Lingding Landslide,LingdingSichey Road,1254.64013671875,13.020702031065465,267.9132550249782,PART2
LS-0229,2024,Arunachal Pradesh,0,Siang District,28.226541,94.883203,2024-06-29,6.0,181.0,,3.0,173.13,0,0,NH 13,1,Newspapers & Media,0,1,9,Newspapers & Media/2024/Arunachal Pradesh/71,Tarak Landslide,Pasighat- Pangin-Aalo road,301.2108459472656,20.953024874883955,155.95718301813724,PART2
LS-0230,2024,Arunachal Pradesh,0,Papum Pare,27.07383,93.6327,2024-06-29,6.0,181.0,,3.0,105.53,0,0,,0,Newspapers & Media,0,1,10,Newspapers & Media/2024/Arunachal Pradesh/72,Jullang Landslide,"Ganga Jullang Road, Itanagar",196.9703369140625,16.93184737245933,21.976267431207987,PART2
LS-0231,2024,Arunachal Pradesh,0,West Siang,28.519848,94.361341,2024-06-29,6.0,181.0,,2.0,543.15,0,0,,0,Newspapers & Media,0,1,11,Newspapers & Media/2024/Arunachal Pradesh/73,Tatu Landslide,AaloMechuka Road,1342.2303466796875,31.38076510809455,95.7776587486112,PART2
LS-0232,2024,Arunachal Pradesh,0,Lohit,27.886843,96.374843,2024-06-29,6.0,181.0,,3.0,339.6,0,0,NH 13,1,Newspapers & Media,0,1,12,Newspapers & Media/2024/Arunachal Pradesh/75,Demwe Landslide,Demwe- Brahmakund Tri Junction to Parashuram Kund-Wakro Road,563.9830322265625,41.88105774310379,356.860998620655,PART2
LS-0233,2024,Arunachal Pradesh,0,Anjaw,28.06798,96.565515,2024-06-29,6.0,181.0,,2.0,386.8,0,0,NH 113,1,Newspapers & Media,0,1,13,Newspapers & Media/2024/Arunachal Pradesh/76,Hayuliang Landslide,RamMandir- Tidding-Khupa- Hayuliang- Hawai Road,,,,NONE
LS-0234,2024,Arunachal Pradesh,0,Siang District,28.142213,95.092954,2024-06-29,6.0,181.0,,3.0,197.4,0,0,NH 13,1,Newspapers & Media,0,1,16,Newspapers & Media/2024/Arunachal Pradesh/80,Babuk Landslide,highway between Babuk and Kebang Village,284.74920654296875,40.97520161761688,55.558913105097986,PART2
LS-0235,2024,Nagaland,5,Zunheboto,26.012021,94.52143,2024-06-29,6.0,181.0,,2.0,15.989,0,0,,0,Newspapers & Media,0,1,5,Newspapers & Media/2024/Nagaland/77,DC Hill Landslide,DC Hill West Area,1812.38427734375,10.854001192669553,61.13834667686291,PART2
LS-0236,2024,Arunachal Pradesh,0,East Kameng,27.30978,92.958741,2024-06-30,6.0,182.0,,3.0,102.74,0,0,NH 13,1,Newspapers & Media,0,1,14,Newspapers & Media/2024/Arunachal Pradesh/78,Bana Landslide,Bana Chepa Road,449.07049560546875,31.318183104186893,76.17686012418147,PART2
LS-0237,2024,Arunachal Pradesh,0,Upper Siang,28.676866,94.964479,2024-06-30,6.0,182.0,,3.0,172.54,0,0,,0,Newspapers & Media,0,1,15,Newspapers & Media/2024/Arunachal Pradesh/79,Jengging Landslide,Pasighat - Mariyang- Yingkiong Road,424.70513916015625,27.990230934486053,39.07105423206275,PART2
LS-0238,2024,Arunachal Pradesh,0,KurungKu mey,27.895164,93.430041,2024-06-30,6.0,182.0,,3.0,453.17,0,0,,0,Newspapers & Media,0,1,18,Newspapers & Media/2024/Arunachal Pradesh/85,Rengchi Landslide,Rengchi area in Kurung,724.7586669921875,37.941309814793335,347.20770652649054,PART2
LS-0239,2024,Meghalaya,3,Ri Bhoi,25.669593,91.903928,2024-06-30,6.0,182.0,,3.0,114.34,0,0,NH 6,1,Field Survey,2,1,27,Newspapers & Media/2024/Meghalaya/82,Umiam 2 Landslide,Near Umiam Fire Station,1004.84375,6.564668818897281,276.8210359313259,PART2
LS-0240,2024,Meghalaya,3,Ri Bhoi,25.682492,91.900697,2024-06-30,6.0,182.0,,3.0,129.28,0,0,NH 6,1,Field Survey,2,1,29,Newspapers & Media/2024/Meghalaya/87,Umbang 1 Landslide,"GS Road, Ri Bhoi",947.86328125,14.17700107466429,272.25582584345165,PART2
LS-0241,2024,Meghalaya,3,Ri Bhoi,25.676048,91.897497,2024-06-30,6.0,182.0,,3.0,129.28,0,0,NH 6,1,Field Survey,2,1,30,Newspapers & Media/2024/Meghalaya/88,NEPA Landslide,"GS Road, Ri Bhoi",988.1036987304688,20.083734753005515,240.99954531652654,PART2
LS-0242,2024,Meghalaya,3,Ri Bhoi,25.675099,91.898378,2024-06-30,6.0,182.0,,3.0,114.34,0,0,NH 6,1,Field Survey,2,1,31,Newspapers & Media/2024/Meghalaya/89,Umiam 3 Landslide,"GS Road, Ri Bhoi",998.8360595703125,31.43465630025499,49.67492357281202,PART2
LS-0243,2024,Meghalaya,3,Ri Bhoi,25.686237,91.902376,2024-06-30,6.0,182.0,,3.0,114.34,0,0,NH 6,1,Field Survey,2,1,32,Newspapers & Media/2024/Meghalaya/90,Umbang 2 Landslide,"GS Road, Ri Bhoi",913.7825927734375,22.147835134343524,197.56240973936613,PART2
LS-0244,2024,Meghalaya,3,Ri Bhoi,25.686801,91.903145,2024-06-30,6.0,182.0,,3.0,114.34,0,0,NH 6,1,Field Survey,2,1,33,Newspapers & Media/2024/Meghalaya/91,Umbang 3 Landslide,"GS Road, Ri Bhoi",910.961181640625,13.036546782332158,214.2935463078007,PART2
LS-0245,2024,Meghalaya,3,Ri Bhoi,25.692127,91.906341,2024-06-30,6.0,182.0,,3.0,129.28,0,0,NH 6,1,Field Survey,2,1,34,Newspapers & Media/2024/Meghalaya/92,Sumer Landslide,"GS Road, Ri Bhoi",880.5927124023438,27.765485533739025,298.4175432155553,PART2
LS-0246,2024,Meghalaya,3,Ri Bhoi,25.67939,91.899541,2024-06-30,6.0,182.0,,3.0,8.6,0,0,NH 6,1,Field Survey,2,1,35,Newspapers & Media/2024/Meghalaya/93,Umbang 4 Landslide,"GS Road, Ri Bhoi",961.8806762695312,9.345778505290104,186.37755048433206,PART2
LS-0247,2024,Arunachal Pradesh,0,Papum Pare,27.090926,93.605705,2024-07-01,7.0,183.0,,3.0,473.2,0,0,,0,Newspapers & Media,0,1,17,Newspapers & Media/2024/Arunachal Pradesh/84,Division IV Landslide,"Division IV Landslide area, Itanagar",294.3064270019531,10.274487023400242,352.47012688632236,PART2
LS-0248,2024,Arunachal Pradesh,0,Papum Pare,27.089317,93.591888,2024-07-01,7.0,183.0,,3.0,179.7,0,0,,0,Newspapers & Media,0,1,19,Newspapers & Media/2024/Arunachal Pradesh/105,Baat Landslide,Itanagar-Baat Road,288.7439880371094,18.673368950597336,70.76448931076771,PART2
LS-0249,2024,Meghalaya,3,Ri Bhoi,25.653138,91.898077,2024-07-01,7.0,183.0,,3.0,494.05,0,0,NH 6,1,Field Survey,2,1,28,Newspapers & Media/2024/Meghalaya/83,Umiam Dam Landslide,Near Umiam Dam,1038.870361328125,32.43519471833342,99.43276024396636,PART2
LS-0250,2024,Nagaland,5,Zunheboto,26.006772,94.521634,2024-07-01,7.0,183.0,,2.0,32.2,0,0,,0,Newspapers & Media,0,1,8,Newspapers & Media/2024/Nagaland/103,"DIET, Zunheboto Landslide",South point east colony,1821.62890625,11.017607233972164,277.206485641815,PART2
LS-0251,2024,Manipur,2,Ukhrul,24.95445,94.21625,2024-07-02,7.0,184.0,9:00 AM,2.0,428.38,0,0,NH 202,1,Newspapers & Media,0,1,4,Newspapers & Media/2024/Manipur/98,MongkotChep u Landslide,Imphal Ukhrul Road,953.190673828125,25.78153573374527,245.19738590937192,PART1
LS-0252,2024,Meghalaya,3,West Khasi Hills,25.529008,91.271797,2024-07-02,7.0,184.0,,2.0,170.76,0,0,,0,Newspapers & Media,0,1,36,Newspapers & Media/2024/Meghalaya/96,Tiehsaw Landslide,Nongstoin-Shillong Highway,1351.7135009765625,9.679956151693592,300.25012634542935,PART2
LS-0253,2024,Meghalaya,3,West Khasi Hills,25.466183,91.514339,2024-07-02,7.0,184.0,,3.0,162.64,0,0,,0,Newspapers & Media,0,1,37,Newspapers & Media/2024/Meghalaya/97,Pariong Landslide,Lawbyrtun- Rngikseh road under Mawthadraishan Block,1631.85546875,22.133006227354894,319.92526066251924,PART1
LS-0254,2024,Meghalaya,3,Ri Bhoi,25.649229,91.898983,2024-07-02,7.0,184.0,,3.0,263.53,0,0,NH 6,1,Field Survey,2,1,40,Newspapers & Media/2024/Meghalaya/109,Umiam 4 Landslide,"GS Road, Ri Bhoi",1082.5496826171875,22.155332171832463,14.745652185429947,PART2
LS-0255,2024,Meghalaya,3,Ri Bhoi,25.650726,91.898692,2024-07-02,7.0,184.0,,3.0,263.53,0,0,NH 6,1,Field Survey,2,1,41,Newspapers & Media/2024/Meghalaya/110,Umiam 5 Landslide,"GS Road, Ri Bhoi",1104.63427734375,16.183100820659106,114.55555153221724,PART2
LS-0256,2024,Meghalaya,3,Ri Bhoi,25.651025,91.893994,2024-07-02,7.0,184.0,,3.0,263.53,0,0,NH 6,1,Field Survey,2,1,42,Newspapers & Media/2024/Meghalaya/111,Umiam View Point Landslide,"GS Road, Ri Bhoi",1124.28076171875,27.46561345019772,207.7962559098305,PART2
LS-0257,2024,Meghalaya,3,East Khasi Hills,25.641388,91.889399,2024-07-02,7.0,184.0,,3.0,263.53,0,0,NH 6,1,Field Survey,2,1,43,Newspapers & Media/2024/Meghalaya/112,Mawlai 2 Landslide,"GS Road, East Khasi Hills",1171.884033203125,13.44971042626455,70.98554722022516,PART2
LS-0258,2024,Meghalaya,3,East Khasi Hills,25.640973,91.889427,2024-07-02,7.0,184.0,,3.0,50.63,0,0,NH 6,1,Field Survey,2,1,44,Newspapers & Media/2024/Meghalaya/113,Mawlai 3 Landslide,"GS Road, East Khasi Hills",1174.9417724609375,11.639931819325065,140.2830375084091,PART2
LS-0259,2024,Mizoram,4,Aizawl,23.75524,92.73935,2024-07-02,7.0,184.0,7:30 AM,2.0,,3,1,,0,Newspapers & Media,0,1,8,Newspapers & Media/2024/Mizoram/86,Zuangtui Landslide,Aizawl's Zuangtui locality,1052.33447265625,25.027724119680567,114.39061106752973,PART1
LS-0260,2024,Mizoram,4,Aizawl,23.75565,92.72946,2024-07-02,7.0,184.0,Morning,2.0,338.11,0,0,,0,Newspapers & Media,0,1,9,Newspapers & Media/2024/Mizoram/94,Bawngkawn Landslide,Aizawl's Bawngkawn locality,1020.13134765625,17.76020461494268,304.4627785452202,PART1
LS-0261,2024,Mizoram,4,Aizawl,23.73397,92.7463,2024-07-02,7.0,184.0,Morning,2.0,172.74,3,1,,0,Newspapers & Media,0,1,10,Newspapers & Media/2024/Mizoram/95,Zemabawk Landslide,Aizawl's Zemabawk locality,856.757568359375,11.698819258902928,302.49738958308666,PART1
LS-0262,2024,Mizoram,4,Aizawl,23.76229,92.73362,2024-07-02,7.0,184.0,,3.0,173.43,0,0,,0,Newspapers & Media,0,1,11,Newspapers & Media/2024/Mizoram/101,Durtlang Landslide,Durtlang Road,1155.6153564453125,46.60985521688678,246.16789062173166,PART1
LS-0263,2024,Nagaland,5,Tuensang,26.223056,94.800348,2024-07-02,7.0,184.0,,2.0,122.05,0,0,NH 202,1,Newspapers & Media,0,1,6,Newspapers & Media/2024/Nagaland/99,Tuensang Landslide,TuensangMoko kchung Road,1639.3218994140625,16.684536286010616,233.1165626938951,PART2
LS-0264,2024,Nagaland,5,Kiphire,25.816009,94.616317,2024-07-02,7.0,184.0,,3.0,301.5,0,0,,0,Newspapers & Media,0,1,7,Newspapers & Media/2024/Nagaland/102,Shishimi Landslide,Shishimi Village Area,1690.3175048828125,38.5770616540404,32.408015493659605,PART2
LS-0265,2024,Manipur,2,Ukhrul,25.06391,94.34178,2024-07-03,7.0,185.0,6:00 AM,2.0,37.95,0,0,NH 202,1,Newspapers & Media,0,1,5,Newspapers & Media/2024/Manipur/100,Kazipphung Landslide,Imphal-Ukhrul Road,1779.4189453125,31.72886419430273,265.7745304502168,PART1
LS-0266,2024,Nagaland,5,Tuensang,26.185832,94.841673,2024-07-03,7.0,185.0,,3.0,17.91,0,0,,0,Newspapers & Media,0,1,9,Newspapers & Media/2024/Nagaland/104,K.Wongthu Landslide,Kuthur Village,1972.46240234375,17.129704609372023,315.0894551044468,PART2
LS-0267,2024,Arunachal Pradesh,0,Siang District,28.233305,94.98636,2024-07-04,7.0,186.0,Morning,2.0,2.999,0,0,,0,Newspapers & Media,0,1,20,Newspapers & Media/2024/Arunachal Pradesh/106,Pangin Landslide,Lokpeng and Pangin Tri- junction,252.13479614257812,17.876141337800977,145.9552427694785,PART2
LS-0268,2024,Assam,1,Kamrup Metro,26.111529,91.846223,2024-07-04,7.0,186.0,Night,2.0,35.38,2,1,,0,Newspapers & Media,0,1,13,Newspapers & Media/2024/Assam/115,Mile Landslide,"Mile Area, Jorabat",171.37379455566406,18.556323588941538,254.46327103405585,PART2
LS-0269,2024,Manipur,2,Kangpokpi,25.13191,93.96529,2024-07-04,7.0,186.0,11:00 PM,2.0,32.18,0,0,NH 2,1,Newspapers & Media,0,1,6,Newspapers & Media/2024/Manipur/114,Kangpokpi Landslide,Between Daili village and Yaikongpao village,1022.8468627929688,31.306709672695693,100.16357250731744,PART1
LS-0270,2024,Meghalaya,3,South Garo Hills,25.193381,90.647418,2024-07-04,7.0,186.0,Morning,2.0,4.57,0,0,,0,Newspapers & Media,0,1,38,Newspapers & Media/2024/Meghalaya/107,Baghmara Landslide,Near Baghmara SBI,19.276695251464844,5.763860885362954,276.36185680291453,PART1
LS-0271,2024,Meghalaya,3,South Garo Hills,25.210055,90.633676,2024-07-04,7.0,186.0,,2.0,13.29,0,0,,0,Newspapers & Media,0,1,39,Newspapers & Media/2024/Meghalaya/108,Baghmara 2 Landslide,Near Baghmara Circuit House,44.58760452270508,14.151990233153134,33.92297265183004,PART1
LS-0272,2024,Arunachal Pradesh,0,Papum Pare,27.121839,93.783633,2024-07-05,7.0,187.0,Morning,3.0,106.57,0,0,NH 415,1,Newspapers & Media,0,1,22,Newspapers & Media/2024/Arunachal Pradesh/118,Karsingsa Landslide,Between Nirjuli and Banderdewa,125.45680236816406,7.804459809963373,129.98661851751888,PART2
LS-0273,2024,Arunachal Pradesh,0,Shi Yomi,28.697524,94.316142,2024-07-05,7.0,187.0,,2.0,123.13,1,1,,0,Newspapers & Media,0,1,23,Newspapers & Media/2024/Arunachal Pradesh/119,Shi Yomi Landslide,,1892.332763671875,36.455527756666115,85.17938043564675,PART2
LS-0274,2024,Arunachal Pradesh,0,Anjaw,28.047143,96.439961,2024-07-05,7.0,187.0,,3.0,108.67,0,0,,0,Newspapers & Media,0,1,24,Newspapers & Media/2024/Arunachal Pradesh/120,Mompani Landslide,Tezu-Hayuliang road,569.766845703125,34.38552800105947,46.98502536005077,PART2
LS-0275,2024,Arunachal Pradesh,0,KraDaadi,27.72775,93.636163,2024-07-05,7.0,187.0,,2.0,5.18,0,0,,0,Newspapers & Media,0,1,25,Newspapers & Media/2024/Arunachal Pradesh/121,Palin Landslide,Palin- Taraklengdi Road,1191.283447265625,37.47182862071279,58.26592834413407,PART2
LS-0276,2024,Nagaland,5,Shamator,26.090935,94.746775,2024-07-05,7.0,187.0,,3.0,106.7,0,0,,0,Newspapers & Media,0,1,10,Newspapers & Media/2024/Nagaland/116,Chessore Landslide,Keku colony of Chessore area,1638.5274658203125,14.96500984646162,150.3285245105161,PART2
LS-0277,2024,Arunachal Pradesh,0,Siang District,28.142494,95.093074,2024-07-06,7.0,188.0,1:00,3.0,24.3,0,0,NH 13,1,Newspapers & Media,0,1,21,Newspapers & Media/2024/Arunachal Pradesh/117,Babuk Landslide,highway between Babuk and Kebang Village,301.6027526855469,37.95773386411679,47.35519510792909,PART2
LS-0278,2024,Meghalaya,3,Ri Bhoi,25.781194,91.874717,2024-07-06,7.0,188.0,,3.0,28.96,0,0,,0,Field Survey,2,1,48,Newspapers & Media/2024/Meghalaya/130,Umran Landslide,"GS Road, Umran Villahge, Ri Bhoi",693.5777587890625,24.150330282326173,312.81981410044847,PART2
LS-0279,2024,Nagaland,5,Zunheboto,26.015899,94.531077,2024-07-07,7.0,189.0,4:00 PM,2.0,10.85,0,0,,0,Newspapers & Media,0,1,12,Newspapers & Media/2024/Nagaland/128,Alahuto Landslide,Alahuto Colony of Zunheboto Town,1774.23974609375,34.36886831480219,51.26414676700796,PART2
LS-0280,2024,Assam,1,Kamrup Metro,26.179508,91.829241,2024-07-12,7.0,194.0,,2.0,182.02,0,0,,0,Newspapers & Media,0,1,14,Newspapers & Media/2024/Assam/125,Bonda Landslide,"Guwahati’s Bonda locality, Amgaon",55.47703170776367,1.2499019623412377,247.2569226906256,PART2
LS-0281,2024,Meghalaya,3,East Jaintia Hills,25.08048,92.362414,2024-07-12,7.0,194.0,Morning,3.0,102.95,0,0,NH 6,1,Newspapers & Media,0,1,45,Newspapers & Media/2024/Meghalaya/122,Kuliang Landslide,Kuliang section of National Highway 06,186.95223999023438,23.77169357623633,299.1110067855537,PART1
LS-0282,2024,Nagaland,5,Kohima,25.607096,94.12725,2024-07-12,7.0,194.0,,3.0,18.59,0,0,,0,Newspapers & Media,0,1,11,Newspapers & Media/2024/Nagaland/124,Seca Khel Landslide,Kigwema- Mima- Chakhabama Road,1562.3131103515625,23.260665547398883,233.5408128644124,PART2
LS-0283,2024,Sikkim,6,Gangtok,27.35164,88.32418,2024-07-12,7.0,194.0,,2.0,3.81,1,1,,0,Newspapers & Media,0,1,12,Newspapers & Media/2024/Sikkim/123,Makha Landslide,"Near Sisney, close to 10th Mile in Makha",939.0638427734375,9.80791454951351,219.51808805546597,PART2
LS-0284,2024,Meghalaya,3,West Garo Hills,25.724652,90.193856,2024-07-13,7.0,195.0,,2.0,4.07,0,0,,0,Newspapers & Media,0,1,46,Newspapers & Media/2024/Meghalaya/126,Dadenggre Landslide,"Dadenggre subdivision, Tura",181.396728515625,12.121245920549008,230.68620400188266,PART2
LS-0285,2024,Arunachal Pradesh,0,West Kameng,27.307091,92.792901,2024-07-14,7.0,196.0,,3.0,13.1,0,0,,0,Newspapers & Media,0,1,26,Newspapers & Media/2024/Arunachal Pradesh/127,Palizi Landslide,Between Rupa and Seppa,645.437744140625,30.376691816130872,153.25071639535963,PART2
LS-0286,2024,Meghalaya,3,Ri Bhoi,25.809077,91.875303,2024-07-14,7.0,196.0,,3.0,0.899,0,0,,0,Field Survey,2,1,47,Newspapers & Media/2024/Meghalaya/129,Pahamrinai Landslide,"GS Road, PahamrinaiVillahge, Ri Bhoi",592.1676025390625,33.192020951779206,256.58628759825973,PART2
LS-0287,2024,Nagaland,5,Wokha,26.107402,94.255575,2024-07-15,7.0,197.0,5:00 AM,2.0,3.34,0,0,NH 2,1,Newspapers & Media,0,1,13,Newspapers & Media/2024/Nagaland/132,Wokha Landslide,Near Wokha village 'B' Khel,1398.79931640625,21.875671651231894,339.94602558848356,PART2
LS-0288,2024,Meghalaya,3,Ri Bhoi,26.029622,91.869058,2024-07-18,7.0,200.0,,3.0,26.66,0,0,,0,Newspapers & Media,0,1,49,Newspapers & Media/2024/Meghalaya/131,Maupur Landslide,"Near Merrily Service Station, Ri Bhoi",122.5674819946289,36.595503502230414,247.26076535665968,PART2
LS-0289,2024,Sikkim,6,Mangan,27.82149,88.5491,2024-07-21,7.0,203.0,,2.0,0.46,0,0,,0,Newspapers & Media,0,1,13,Newspapers & Media/2024/Sikkim/133,Munsi Thang Landslide,Enroute Lachen,3379.32275390625,38.484630398858094,112.97888802070605,PART2
LS-0290,2024,Arunachal Pradesh,0,Papum Pare,27.031002,93.621829,2024-07-22,7.0,204.0,,3.0,78.83,0,0,NH 415,1,Newspapers & Media,0,1,27,Newspapers & Media/2024/Arunachal Pradesh/134,Holongi Landslide,BetweeenHolon gi and Itanagar,297.48974609375,13.824035014548414,122.22576530810682,PART2
LS-0291,2024,Nagaland,5,Wokha,26.09928,94.25861,2024-07-22,7.0,204.0,2:00 AM,3.0,15.09,0,0,,0,Newspapers & Media,0,1,14,Newspapers & Media/2024/Nagaland/135,Tchuyiro colony Landslide,Tchuyiro colony area in Wokha Town,1378.6387939453125,5.880385599963525,318.8920021139936,PART2
LS-0292,2024,Nagaland,5,Wokha,26.2956,94.246652,2024-07-22,7.0,204.0,1:30 AM,2.0,34.58,0,0,,0,Newspapers & Media,0,1,15,Newspapers & Media/2024/Nagaland/136,Lakhuti Landslide,Near football ground at Lakhuti Village,1029.373779296875,22.42385263119693,69.00851508339849,PART2
LS-0293,2024,Sikkim,6,Mangan,27.56807,88.65081,2024-07-22,7.0,204.0,,3.0,0.38,0,0,,0,Newspapers & Media,0,1,14,Newspapers & Media/2024/Sikkim/137,Toong Landslide,Between Naga and Rel Ward areas,1544.349853515625,22.240582672756418,76.37567142670923,PART2
LS-0294,2024,Nagaland,5,Kohima,25.680683,94.103026,2024-07-26,7.0,208.0,,2.0,1.29,0,0,,0,Newspapers & Media,0,1,16,Newspapers & Media/2024/Nagaland/138,Pezielietsie Colony Landslide,"Pezielietsie Colony in Ward-3 North Block, Kohima",1353.9293212890625,21.614559366951717,32.084638756579636,PART2
LS-0295,2024,Manipur,2,Tamenglong,24.98131,93.49901,2024-07-29,7.0,211.0,,2.0,1.19,2,1,,0,Newspapers & Media,0,1,7,Newspapers & Media/2024/Manipur/139,Dimthanlong L andslide,"Dimthanlong village, Tamenglong Ward No. 3",1198.9722900390625,15.90116933507301,248.3170780548599,PART1
LS-0296,2024,Manipur,2,Imphal East,24.7764,93.79057,2024-07-29,7.0,211.0,,2.0,11.86,0,0,NH 37,1,Newspapers & Media,0,1,8,Newspapers & Media/2024/Manipur/140,Sinam Landslide,Along NH-37 near K. Sinam village,854.2505493164062,15.940876229911131,107.8450873000723,PART1
LS-0297,2024,Manipur,2,Tamenglong,24.76632,93.43601,2024-07-29,7.0,211.0,,2.0,0.0,0,0,NH 37,1,Newspapers & Media,0,1,9,Newspapers & Media/2024/Manipur/141,Rengpang Landslide,Between Nungba and Rengpang villages,655.71142578125,38.02278637843338,52.73508808587178,PART1
LS-0298,2024,Manipur,2,Tamenglong,24.75121,93.46316,2024-07-29,7.0,211.0,,2.0,0.0,0,0,,0,Newspapers & Media,0,1,10,Newspapers & Media/2024/Manipur/142,Taodaijang Landslide,Between Taodaijang and Rengpang village,479.3015441894531,34.71520130622912,1.442115801337934,PART1
LS-0299,2024,Manipur,2,Bishnupur,24.53455,93.83401,2024-08-01,8.0,214.0,,3.0,29.43,0,0,,0,Newspapers & Media,0,1,11,Newspapers & Media/2024/Manipur/143,Thanga Part I Landslide,Thanga Part I Gram Panchayat,794.4020385742188,22.392653118518982,239.3432742690389,PART1
LS-0300,2024,Manipur,2,Bishnupur,24.52563,93.81729,2024-08-01,8.0,214.0,,2.0,30.67,0,0,,0,Newspapers & Media,0,1,12,Newspapers & Media/2024/Manipur/144,Thanga Part II Landslide,Thanga Part II Gram Panchayat,776.996826171875,18.0514979880665,17.421830314276235,PART1
LS-0301,2024,Manipur,2,Bishnupur,24.5226,93.81477,2024-08-01,8.0,214.0,,2.0,29.43,0,0,,0,Newspapers & Media,0,1,13,Newspapers & Media/2024/Manipur/145,Thanga Ngaram Landslide,Thanga NgaramChinkha Region,811.7064208984375,24.13160038135686,268.42680653164825,PART1
LS-0302,2024,Manipur,2,Bishnupur,24.73502,93.919,2024-08-01,8.0,214.0,,2.0,12.63,0,0,,0,Newspapers & Media,0,1,14,Newspapers & Media/2024/Manipur/146,Oinam Landslide,OinamLeikai,870.2855224609375,14.9082141392563,180.64379693087668,PART1
LS-0303,2024,Manipur,2,Bishnupur,24.52711,93.82001,2024-08-01,8.0,214.0,,2.0,29.43,0,0,,0,Newspapers & Media,0,1,15,Newspapers & Media/2024/Manipur/147,Heisnam Landslide,Thanga Region,798.2926635742188,31.37425002895047,83.61329241285881,PART1
LS-0304,2024,Nagaland,5,Kohima,25.671317,94.18373,2024-08-04,8.0,217.0,,2.0,0.4,0,0,,0,Newspapers & Media,0,1,17,Newspapers & Media/2024/Nagaland/149,Dzüü Landslide,Just before Dzüü bridge,813.8027954101562,11.42951571607087,332.1171477784711,PART2
LS-0305,2024,Manipur,2,Jiribam,24.75096,93.13879,2024-08-06,8.0,219.0,3:30 AM,2.0,71.32,1,1,,0,Newspapers & Media,0,1,16,Newspapers & Media/2024/Manipur/150,JiribamSonapu r Landslide,"Sonapur Gram Panchayat, Jiribam",44.510658264160156,7.202181708965204,166.78064227026152,PART1
LS-0306,2024,Meghalaya,3,East Jaintia Hills,25.080525,92.362358,2024-08-06,8.0,219.0,Early,3.0,9.4,0,0,NH 6,1,Newspapers & Media,0,1,50,Newspapers & Media/2024/Meghalaya/148,Kuliang Landslide,Kuliang section of National Highway 06,179.9235076904297,23.55176718866125,342.8551830182397,PART1
LS-0307,2024,Meghalaya,3,East Jaintia Hills,25.106369,92.361029,2024-08-06,8.0,219.0,,3.0,5.14,0,0,NH 6,1,Newspapers & Media,0,1,51,Newspapers & Media/2024/Meghalaya/153,Sonapur Tunnel Landslide,Near Sonapur Tunnel,61.89412307739258,30.106579331879527,213.9962150531392,PART1
LS-0308,2024,Manipur,2,Churachandpur,24.75648,93.42788,2024-08-07,8.0,220.0,Early,3.0,34.76,0,0,NH 37,1,Newspapers & Media,0,1,17,Newspapers & Media/2024/Manipur/151,Nungba Landslide,Near Nungba region,719.1611328125,42.856433254265845,76.65878224240231,PART1
LS-0309,2024,Manipur,2,Tamenglong,24.72047,93.26164,2024-08-07,8.0,220.0,,3.0,40.56,0,0,NH 37,1,Newspapers & Media,0,1,18,Newspapers & Media/2024/Manipur/152,Kaimai Landslide,Kaimai Village area,874.7183837890625,18.933098379129092,88.92513718596877,PART1
LS-0310,2024,Assam,1,Dima Hasao,25.006926,92.747317,2024-08-10,8.0,223.0,,3.0,0.0,0,0,NH 27,1,Newspapers & Media,0,1,15,Newspapers & Media/2024/Assam/154,Damchera Landslide,Silchar-Haflong Road section,90.31522369384766,24.098202999238737,212.19084597276313,PART1
LS-0311,2024,Manipur,2,Ukhrul,25.092,94.35854,2024-08-12,8.0,225.0,5:00 PM,2.0,26.8,1,1,,0,Newspapers & Media,0,1,19,Newspapers & Media/2024/Manipur/157,Hamleikhong Landslide,Hamleikhong Area,1882.463623046875,19.138441102232775,240.87912534332185,PART1
LS-0312,2024,Meghalaya,3,East Jaintia Hills,25.080525,92.362247,2024-08-12,8.0,225.0,Morning,3.0,21.19,0,0,NH 6,1,Newspapers & Media,0,1,52,Newspapers & Media/2024/Meghalaya/155,Kuliang Landslide,Kuliang section of National Highway 06,179.9235076904297,23.55176718866125,342.8551830182397,PART1
LS-0313,2024,Nagaland,5,Kiphire,25.699199,94.930126,2024-08-12,8.0,225.0,,3.0,57.46,0,0,,0,Newspapers & Media,0,1,18,Newspapers & Media/2024/Nagaland/156,Lophukhong Landslide,Near Lophukhong Village,1666.0404052734375,28.18702529861032,232.4647807167223,PART2
LS-0314,2024,Nagaland,5,Kohima,25.724445,94.034266,2024-08-14,8.0,227.0,,3.0,4.66,0,0,NH 29,1,Newspapers & Media,0,1,19,Newspapers & Media/2024/Nagaland/158,Zubza Landslide,Kohima Dimapur Highway,971.4161376953125,10.673867929215017,132.0651400384865,PART2
LS-0315,2024,Meghalaya,3,East Jaintia Hills,25.080525,92.362123,2024-08-17,8.0,230.0,Afternoon,2.0,35.89,0,0,NH 6,1,Newspapers & Media,0,1,53,Newspapers & Media/2024/Meghalaya/159,Kuliang Landslide,Kuliang section of National Highway 06,179.9235076904297,23.55176718866125,342.8551830182397,PART1
LS-0316,2024,Manipur,2,Kangpokpi,24.78893,93.73187,2024-08-18,8.0,231.0,,2.0,104.36,0,0,NH 37,1,Newspapers & Media,0,1,20,Newspapers & Media/2024/Manipur/160,K. Sinam Landslide,K. Sinam Village in Kangpokpi District along NH-37,1071.6405029296875,37.24197243224948,183.72384616054188,PART1
LS-0317,2024,Manipur,2,Noney,24.81961,93.55647,2024-08-18,8.0,231.0,,3.0,104.36,0,0,NH 37,1,Newspapers & Media,0,1,21,Newspapers & Media/2024/Manipur/161,Awangkhul Landslide,Noney District along NH-37,397.8563232421875,32.804576853627616,42.17493063690728,PART1
LS-0318,2024,Tripura,7,South Tripura,23.167876,91.516866,2024-08-19,8.0,232.0,,2.0,42.19,3,1,,0,Newspapers & Media,0,1,2,Newspapers & Media/2024/Tripura/163,Debipur Landslide,Debipur region,51.27881622314453,4.220542287894269,16.63441001295098,PART1
LS-0319,2024,Tripura,7,Khowai,23.839927,91.634953,2024-08-19,8.0,232.0,,2.0,46.35,1,1,,0,Newspapers & Media,0,1,3,Newspapers & Media/2024/Tripura/164,Teliamura Landslide,Teliamura region,53.31257629394531,0.6882466121589139,84.85816961536784,PART1
LS-0320,2024,Tripura,7,Dhalai,24.109649,91.908101,2024-08-19,8.0,232.0,,3.0,48.0,0,0,,0,Newspapers & Media,0,1,4,Newspapers & Media/2024/Tripura/165,Saikar Landslide,Near Saikar Bazar,204.28048706054688,21.142384362278843,164.6835853572428,PART1
LS-0321,2024,Sikkim,6,Gangtok,27.25169,88.45966,2024-08-20,8.0,233.0,Morning,2.0,81.15,0,0,,0,Newspapers & Media,0,1,15,Newspapers & Media/2024/Sikkim/162,Balutar Landslide,"NHPC's 510 MW Teesta Stage 5 dam in Balutar, Sikkim",473.54010009765625,50.94299381420055,302.617808371549,PART2
LS-0322,2024,Tripura,7,South Tripura,23.312969,91.524158,2024-08-22,8.0,235.0,Early Morning,2.0,677.0,7,1,,0,Newspapers & Media,0,1,5,Newspapers & Media/2024/Tripura/166,Gardang Landslide,Gardang Panchayat near Shanti bazar,44.35371398925781,2.9212557755596413,163.02419946979217,PART1
LS-0323,2024,Tripura,7,South Tripura,23.423169,91.755621,2024-08-22,8.0,235.0,,2.0,484.05,0,0,Report.,1,Newspapers & Media,0,1,6,Newspapers & Media/2024/Tripura/167,Nutan Bazar Landslide,Near Nutan bazar water treatment plant,74.78501892089844,5.968315382114851,158.43696163618506,PART1
LS-0324,2024,Nagaland,5,Kohima,25.670326,94.04216,2024-08-23,8.0,236.0,Morning,3.0,45.29,0,0,,0,Newspapers & Media,0,1,20,Newspapers & Media/2024/Nagaland/168,Khonoma Landslide,Between Jotsoma and Khonoma,1418.15869140625,48.800337059438824,149.0591786476432,PART2
LS-0325,2024,Nagaland,5,Wokha,26.098734,94.254992,2024-08-26,8.0,239.0,3:00 PM,2.0,3.6,0,0,,0,Newspapers & Media,0,1,21,Newspapers & Media/2024/Nagaland/169,Etsuchuka Colony Landslide,"Etsuchuka Colony, Wokha",1317.4075927734375,3.934212065666182,234.66572600700124,PART2
LS-0326,2024,Nagaland,5,Mokokchung,26.302047,94.586325,2024-08-26,8.0,239.0,,3.0,20.23,0,0,,0,Newspapers & Media,0,1,23,Newspapers & Media/2024/Nagaland/173,Mokokchung Landslide,Between MokokchungTu engsang Road,604.2978515625,29.026057810957095,17.7026112167743,PART2
LS-0327,2024,Mizoram,4,Kolasib,23.99435,92.64393,2024-08-28,8.0,241.0,,2.0,45.79,0,0,,0,Newspapers & Media,0,1,12,Newspapers & Media/2024/Mizoram/170,Kawnpui Landslide,Near Kawnpui Railway Station,173.8741455078125,17.341574390756072,349.6363026044231,PART1
LS-0328,2024,Nagaland,5,Wokha,26.249363,94.537726,2024-08-29,8.0,242.0,,2.0,21.63,0,0,NH 202,1,Newspapers & Media,0,1,22,Newspapers & Media/2024/Nagaland/171,Longsa Landslide,Between Longsa Junction and Dikhu Bridge,740.7920532226562,20.266982280860557,86.53658331531443,PART2
LS-0329,2024,Sikkim,6,Pakyong,27.23968,88.59367,2024-08-29,8.0,242.0,,2.0,1.64,0,0,,0,Newspapers & Media,0,1,16,Newspapers & Media/2024/Sikkim/172,Pakyong Landslide,Near Pakyong Airport,1363.3233642578125,20.919681260748714,73.03694602881586,PART2
LS-0330,2024,Nagaland,5,Chumoukedima,25.773953,93.913722,2024-09-03,9.0,247.0,11:00,3.0,33.41,6,1,NH 29,1,Newspapers & Media,0,1,24,Newspapers & Media/2024/Nagaland/174,Pherima Landslide,Between Pherima and Paglapahar,670.9368286132812,28.265838841017608,36.506750217220656,PART2
LS-0331,2024,Meghalaya,3,Ri Bhoi,25.951567,91.865183,2024-09-06,9.0,250.0,8:00 PM,3.0,48.08,0,0,NH 6,1,Newspapers & Media,0,1,54,Newspapers & Media/2024/Meghalaya/175,Shangbangla Landslide,Shangbangla Village,520.3108520507812,18.040591314082903,310.02700041588054,PART2
LS-0332,2024,Arunachal Pradesh,0,Tawang,27.611051,91.857654,2024-09-07,9.0,251.0,4:00,2.0,9.57,0,0,,0,Newspapers & Media,0,1,28,Newspapers & Media/2024/Arunachal Pradesh/176,Bramadungch ung Landslide,Near Bramadungchun g Ani Gonpa,3292.195068359375,33.966676185068565,278.79563734339075,PART2
LS-0333,2024,Nagaland,5,Kohima,25.710966,94.068528,2024-09-09,9.0,253.0,5:00 PM,3.0,45.03,0,0,NH 29,1,Newspapers & Media,0,1,25,Newspapers & Media/2024/Nagaland/177,KMC Dumping Landslide,Near old Kohima Municipal Council (KMC) dumping site,1147.130859375,21.880873718496275,260.3762957928484,PART2
LS-0334,2024,Meghalaya,3,East Jaintia Hills,25.080516,92.362183,2024-09-30,9.0,274.0,,3.0,90.99,0,0,NH 6,1,Newspapers & Media,0,1,55,Newspapers & Media/2024/Meghalaya/178,Kuliang Landslide,Kuliang section of National Highway 06,179.9235076904297,23.551767054584406,342.85518420476075,PART1
LS-0335,2024,Sikkim,6,Mangan,27.47775,88.52716,2024-09-30,9.0,274.0,,3.0,5.929,0,0,,0,Newspapers & Media,0,1,17,Newspapers & Media/2024/Sikkim/179,Rang Rang Landslide,Near Rang Rang Landslide,748.6138916015625,27.935349624452556,349.6462135144958,PART2
LS-0336,2024,Sikkim,6,Gangtok,27.37807,88.49725,2024-09-30,9.0,274.0,,3.0,0.569,0,0,,0,Newspapers & Media,0,1,18,Newspapers & Media/2024/Sikkim/180,Lower Tintek Landslide,"Marchak, Lower Tintek",833.561279296875,23.32225808502617,212.609794359035,PART2
LS-0337,2024,Sikkim,6,Soreng,27.17605,88.09037,2024-09-30,9.0,274.0,,2.0,0.0,0,0,,0,Newspapers & Media,0,1,19,Newspapers & Media/2024/Sikkim/181,RibdiBhareng Landslide,Between Ribdi and Bhareng,2432.5205078125,44.22192751429182,69.72697661509494,PART2
LS-0338,2024,Manipur,2,Noney,24.83803,93.5706,2024-10-01,10.0,275.0,Morning,2.0,2.21,0,0,NH 37,1,Newspapers & Media,0,1,22,Newspapers & Media/2024/Manipur/182,AwangkhulRangkhung Landslide,Between Awangkhul and Langkhong,336.55902099609375,33.886146110941915,134.14907609672264,PART1
LS-0339,2024,Arunachal Pradesh,0,West Kameng,27.203922,92.562963,2024-10-04,10.0,278.0,,3.0,137.85,0,0,,0,Newspapers & Media,0,1,29,Newspapers & Media/2024/Arunachal Pradesh/186,Kaspi Landslide,"Kaspi Village, Near Nag Mandir",1150.3580322265625,20.47028941257615,29.980724711451785,PART2
LS-0340,2024,Meghalaya,3,West Garo Hills,25.267236,90.237665,2024-10-04,10.0,278.0,,2.0,189.37,1,1,,0,Newspapers & Media,0,1,56,Newspapers & Media/2024/Meghalaya/184,Koinadubi Landslide,"Koinadubi Village, West Garo Hills",59.32313919067383,12.918857644192647,20.458668659761088,PART1
LS-0341,2024,Nagaland,5,Kohima,25.710898,94.068536,2024-10-04,10.0,278.0,,3.0,16.38,0,0,NH 29,1,Newspapers & Media,0,1,26,Newspapers & Media/2024/Nagaland/183,KMC Dumping Landslide,Near old Kohima Municipal Council (KMC) dumping site,1147.130859375,21.880862711717306,260.37629039615234,PART2
LS-0342,2024,Meghalaya,3,South Garo Hills,25.236002,90.424197,2024-10-05,10.0,279.0,,2.0,215.46,7,1,,0,Newspapers & Media,0,1,57,Newspapers & Media/2024/Meghalaya/185,Attesia Landslide,"AttesiaSonmong, Gasuapara Region",176.14730834960938,3.4322604070426355,228.17661149586516,PART1
LS-0343,2023,Arunachal Pradesh,0,Siang district,28.095267,95.282822,,,,,2.0,78.259454,0,0,NH 13,1,Newspapers & Media,0,1,50,Newspapers & Media/2023/Arunachal Pradesh/50,Pangin Landslide,Pangin Pasighat road section,314.6683349609375,13.378989570725127,53.482602608989055,PART2
LS-0344,2023,Assam,1,Kamrup Metro,26.19676,91.76544,,,,,2.0,64.05,0,0,,0,Newspapers & Media,0,1,80,Newspapers & Media/2023/Assam/80,Kharguli Landslide,Kharguli hill,66.78944396972656,6.677437245742543,141.98703333008353,PART2
LS-0345,2023,Assam,1,Kamrup Metro,26.187105,91.793724,,,,,2.0,64.05,0,0,,0,Newspapers & Media,0,1,81,Newspapers & Media/2023/Assam/81,Bamunimaidam Landslide,Bamunimaidam area,121.55709838867188,3.815103725965363,152.51336689688242,PART2
