system:index,distance_to_landslide_m,exclusion_distance_m,landslide_target,random,sample_type,sampling_seed,.geo
2009,17937.75286923133,1000,0,4.234378458233268E-4,background,2026,"{""type"":""Point"",""coordinates"":[94.81985024377579,28.577311606838983]}"
774,14170.77734437043,1000,0,5.886379839779021E-4,background,2026,"{""type"":""Point"",""coordinates"":[94.03005730155449,27.67226094341022]}"
1022,9348.672302650066,1000,0,0.0011697660211553718,background,2026,"{""type"":""Point"",""coordinates"":[94.78903049303591,27.696639698705223]}"
930,5666.70422839416,1000,0,0.001364565172081389,background,2026,"{""type"":""Point"",""coordinates"":[90.88523542806686,25.186468407827366]}"
333,4050.1822982753683,1000,0,0.0015600594721596472,background,2026,"{""type"":""Point"",""coordinates"":[92.77226635288949,23.775721502892026]}"
2125,24117.299219877932,1000,0,0.001949098989709852,background,2026,"{""type"":""Point"",""coordinates"":[88.17192882841641,27.521687237166745]}"
2539,24369.067668190222,1000,0,0.0019523338717006844,background,2026,"{""type"":""Point"",""coordinates"":[91.56090069900733,22.9516336266088]}"
172,23357.75304892846,1000,0,0.0024113579252363904,background,2026,"{""type"":""Point"",""coordinates"":[92.83183333065165,27.099186020135466]}"
1520,13711.788644799632,1000,0,0.0025899352265033038,background,2026,"{""type"":""Point"",""coordinates"":[93.77448235517792,27.715117151611246]}"
1931,14825.715694408518,1000,0,0.0028410941969108094,background,2026,"{""type"":""Point"",""coordinates"":[91.92981606423115,25.100848804474836]}"
1999,16004.239396524843,1000,0,0.0029303449645102786,background,2026,"{""type"":""Point"",""coordinates"":[95.79477345011298,28.376890747210265]}"
348,17735.585721031024,1000,0,0.0030757151691677143,background,2026,"{""type"":""Point"",""coordinates"":[92.82474505885736,23.89872979175495]}"
404,18806.212298737883,1000,0,0.004413056929299053,background,2026,"{""type"":""Point"",""coordinates"":[94.52253318695234,27.79377468605191]}"
2921,4535.537375316395,1000,0,0.005295720436165996,background,2026,"{""type"":""Point"",""coordinates"":[94.96077600995712,25.669117857265412]}"
2591,12708.67626575328,1000,0,0.005494201251084241,background,2026,"{""type"":""Point"",""coordinates"":[94.09999952953291,25.275015292101006]}"
820,10427.405249780602,1000,0,0.006771246975044498,background,2026,"{""type"":""Point"",""coordinates"":[88.52422398193004,27.730032833865216]}"
1893,17890.898793751967,1000,0,0.006931599904155372,background,2026,"{""type"":""Point"",""coordinates"":[94.02376624601547,25.475689547669027]}"
1488,11962.219744479064,1000,0,0.007029903183138342,background,2026,"{""type"":""Point"",""coordinates"":[92.67438905072252,26.93557641526493]}"
2652,1672.281116885189,1000,0,0.007064984070873859,background,2026,"{""type"":""Point"",""coordinates"":[94.76488246913063,28.81064975105835]}"
2904,3723.0880498650154,1000,0,0.007173333197901033,background,2026,"{""type"":""Point"",""coordinates"":[94.8462937880418,28.21881013863682]}"
270,24506.98252144947,1000,0,0.007325125796121212,background,2026,"{""type"":""Point"",""coordinates"":[91.59277699549804,25.101980453627416]}"
2020,15637.515262663632,1000,0,0.007951143542074823,background,2026,"{""type"":""Point"",""coordinates"":[94.28209046053857,28.306580825725213]}"
1560,17389.179721114357,1000,0,0.008347101427534809,background,2026,"{""type"":""Point"",""coordinates"":[94.66064216578148,28.679241729912757]}"
722,8361.646098431253,1000,0,0.00835762946342733,background,2026,"{""type"":""Point"",""coordinates"":[94.71510790322345,25.92897464522301]}"
622,17264.01390784552,1000,0,0.008843927614867186,background,2026,"{""type"":""Point"",""coordinates"":[95.63028539268794,28.14821437475521]}"
1747,2921.568197023323,1000,0,0.009302745435267212,background,2026,"{""type"":""Point"",""coordinates"":[92.98129024174324,25.201651998015265]}"
2177,18393.242505383176,1000,0,0.009422487572293692,background,2026,"{""type"":""Point"",""coordinates"":[91.63600169604956,25.141113328238976]}"
1732,15164.19630016112,1000,0,0.009444933816328271,background,2026,"{""type"":""Point"",""coordinates"":[92.6735451165003,24.794176057468608]}"
2671,21404.01717882386,1000,0,0.010393995236634979,background,2026,"{""type"":""Point"",""coordinates"":[92.92011849429544,27.499840889977897]}"
2791,21598.266297354545,1000,0,0.011433074943418164,background,2026,"{""type"":""Point"",""coordinates"":[95.97087509877774,28.140274265634837]}"
2240,24328.02765674933,1000,0,0.011680944939312266,background,2026,"{""type"":""Point"",""coordinates"":[90.86082758737312,25.420725143411836]}"
2603,10027.1592719494,1000,0,0.011815541913409167,background,2026,"{""type"":""Point"",""coordinates"":[92.33421332056709,23.82028129511027]}"
2318,15799.690633047681,1000,0,0.012456643453805705,background,2026,"{""type"":""Point"",""coordinates"":[93.18099294007999,25.309890097603134]}"
2130,7040.3564995697625,1000,0,0.01324278617129293,background,2026,"{""type"":""Point"",""coordinates"":[93.54215405022319,27.043986481973864]}"
1426,11005.631260475182,1000,0,0.013559153820705383,background,2026,"{""type"":""Point"",""coordinates"":[92.78844142918958,27.40632933557008]}"
2557,19592.095860814927,1000,0,0.013723091967551726,background,2026,"{""type"":""Point"",""coordinates"":[88.63956090331548,26.994641199061114]}"
2935,16037.853816092094,1000,0,0.013770513629474457,background,2026,"{""type"":""Point"",""coordinates"":[93.5790396361014,27.96222053220109]}"
2230,19549.029459992307,1000,0,0.014017577497009936,background,2026,"{""type"":""Point"",""coordinates"":[94.01014841258502,24.209041291851364]}"
881,11618.20217822497,1000,0,0.0141148128923958,background,2026,"{""type"":""Point"",""coordinates"":[93.14095937494217,24.646089873680218]}"
2700,8230.886779105402,1000,0,0.014439142382083436,background,2026,"{""type"":""Point"",""coordinates"":[92.81573203089945,22.730724991862548]}"
1802,20556.238223474287,1000,0,0.014546451850033781,background,2026,"{""type"":""Point"",""coordinates"":[93.28993575256465,25.08244182360667]}"
528,14222.779597180837,1000,0,0.014695395149992851,background,2026,"{""type"":""Point"",""coordinates"":[93.70324502296435,25.28956333041112]}"
29,1304.1886653355032,1000,0,0.0147836291660981,background,2026,"{""type"":""Point"",""coordinates"":[90.3371677635273,25.54373635809128]}"
786,8955.4525455481,1000,0,0.015343649516768143,background,2026,"{""type"":""Point"",""coordinates"":[92.4321066919585,25.030426179106684]}"
1841,22640.568309685663,1000,0,0.015357377388001359,background,2026,"{""type"":""Point"",""coordinates"":[92.91510538334433,24.743778187136417]}"
271,14095.703051504499,1000,0,0.015535189332342103,background,2026,"{""type"":""Point"",""coordinates"":[91.82034385542123,23.950403153841926]}"
886,21766.620846258214,1000,0,0.015857064044728864,background,2026,"{""type"":""Point"",""coordinates"":[91.90464752107226,23.28282418599643]}"
2103,11024.372368116654,1000,0,0.01605943734354165,background,2026,"{""type"":""Point"",""coordinates"":[94.34562705191321,26.339699871417302]}"
1585,23096.512926278938,1000,0,0.016358821704185122,background,2026,"{""type"":""Point"",""coordinates"":[94.8995576533819,25.492564521918528]}"
1950,22933.101988003305,1000,0,0.01645710701591685,background,2026,"{""type"":""Point"",""coordinates"":[94.56528456437721,28.707146866879505]}"
1718,15493.516071937416,1000,0,0.016560346735935982,background,2026,"{""type"":""Point"",""coordinates"":[93.00709755789708,25.341877672909405]}"
572,18873.49678710716,1000,0,0.016747986444095808,background,2026,"{""type"":""Point"",""coordinates"":[95.24534157834934,27.953768604062404]}"
933,13994.658540247576,1000,0,0.01674979974338986,background,2026,"{""type"":""Point"",""coordinates"":[93.96847711104263,27.87862532429929]}"
1874,8662.712523777453,1000,0,0.01685673728234338,background,2026,"{""type"":""Point"",""coordinates"":[92.84032923446681,22.157605121645812]}"
2694,3522.24180238761,1000,0,0.016924070995775087,background,2026,"{""type"":""Point"",""coordinates"":[88.36015608236774,27.119836924951198]}"
550,6040.043010888891,1000,0,0.017960282511926606,background,2026,"{""type"":""Point"",""coordinates"":[88.68170968811276,27.411777671272024]}"
53,19480.78474319795,1000,0,0.017961244931282927,background,2026,"{""type"":""Point"",""coordinates"":[94.1697463675897,28.567530384574827]}"
2686,10043.810703741685,1000,0,0.018084883168203447,background,2026,"{""type"":""Point"",""coordinates"":[91.46142718016304,23.093065567758995]}"
236,17562.871293361928,1000,0,0.01877344595904562,background,2026,"{""type"":""Point"",""coordinates"":[94.33585596587577,24.527895425786024]}"
601,8992.620649366942,1000,0,0.01914192175891083,background,2026,"{""type"":""Point"",""coordinates"":[91.79974795392539,25.736693637162364]}"
1912,22180.029589173162,1000,0,0.019262349804168077,background,2026,"{""type"":""Point"",""coordinates"":[92.93214470628305,24.684120437741186]}"
1421,7110.5411175346035,1000,0,0.019772421671146567,background,2026,"{""type"":""Point"",""coordinates"":[93.90946778710064,25.70856566943345]}"
971,6821.033849732568,1000,0,0.020510031765976544,background,2026,"{""type"":""Point"",""coordinates"":[94.07896003798014,25.563814806841286]}"
2599,15328.327506006268,1000,0,0.020645662341680526,background,2026,"{""type"":""Point"",""coordinates"":[91.58370228843256,23.439993045887473]}"
1130,17295.395315146903,1000,0,0.02065529785190956,background,2026,"{""type"":""Point"",""coordinates"":[92.47571536743432,24.63720355449143]}"
1082,15276.274961999185,1000,0,0.021366119130636685,background,2026,"{""type"":""Point"",""coordinates"":[92.2325546144477,25.290225418209072]}"
2322,19110.25297431128,1000,0,0.02172160858401373,background,2026,"{""type"":""Point"",""coordinates"":[95.71940975150196,28.397857912370874]}"
2735,6922.299300144228,1000,0,0.02181650666048751,background,2026,"{""type"":""Point"",""coordinates"":[93.27708192624101,24.65959049576929]}"
328,4628.181694028003,1000,0,0.021915500113845465,background,2026,"{""type"":""Point"",""coordinates"":[88.48727940388746,27.455868602380193]}"
397,16972.881540105725,1000,0,0.022175628114764923,background,2026,"{""type"":""Point"",""coordinates"":[92.60754774994966,23.314046994525597]}"
2231,8769.666321995459,1000,0,0.022403531039843383,background,2026,"{""type"":""Point"",""coordinates"":[92.3585362081881,27.361786046666072]}"
639,18110.27659852541,1000,0,0.022556417955235886,background,2026,"{""type"":""Point"",""coordinates"":[94.08929275081948,24.68470191019637]}"
802,22126.78003969586,1000,0,0.022693598387304892,background,2026,"{""type"":""Point"",""coordinates"":[93.46272275268336,25.19732474446962]}"
969,3260.207311403317,1000,0,0.022756128944232956,background,2026,"{""type"":""Point"",""coordinates"":[93.3266344101554,27.269736128404183]}"
541,16436.14928569421,1000,0,0.023335444655224302,background,2026,"{""type"":""Point"",""coordinates"":[94.27735162464481,26.441348109872997]}"
2110,15489.879750833203,1000,0,0.023505228639874476,background,2026,"{""type"":""Point"",""coordinates"":[93.19742194119132,26.458570170141986]}"
908,21621.538437112664,1000,0,0.023559015254143056,background,2026,"{""type"":""Point"",""coordinates"":[92.77740145311218,26.90193738894819]}"
1764,5378.737940456732,1000,0,0.0237196569278999,background,2026,"{""type"":""Point"",""coordinates"":[94.81159849014112,28.835782985349592]}"
2914,11758.134323754673,1000,0,0.023807316094681452,background,2026,"{""type"":""Point"",""coordinates"":[94.40085660257239,25.531515187843468]}"
190,15006.648442591448,1000,0,0.024096038480029836,background,2026,"{""type"":""Point"",""coordinates"":[95.59009069393245,27.253427800401838]}"
693,22461.98093286871,1000,0,0.024176668241870702,background,2026,"{""type"":""Point"",""coordinates"":[92.8204981670981,25.30848794994574]}"
1536,3298.7488296515367,1000,0,0.024396288327746873,background,2026,"{""type"":""Point"",""coordinates"":[90.28646146970343,25.58606774144786]}"
1462,3610.914486005857,1000,0,0.024444111868967555,background,2026,"{""type"":""Point"",""coordinates"":[93.3976203545861,24.773779893165504]}"
1715,19668.634889161593,1000,0,0.02450102648676533,background,2026,"{""type"":""Point"",""coordinates"":[91.4760130513932,22.994340235333357]}"
474,21564.215720129585,1000,0,0.024572166201039747,background,2026,"{""type"":""Point"",""coordinates"":[91.1144708586746,25.396746531448578]}"
2091,8264.738827026678,1000,0,0.02462401009217996,background,2026,"{""type"":""Point"",""coordinates"":[94.18142553889469,28.16862982866915]}"
40,15916.93579156051,1000,0,0.025062070924366964,background,2026,"{""type"":""Point"",""coordinates"":[93.56996935505829,27.97367923070843]}"
138,13866.673351926269,1000,0,0.02513762075535564,background,2026,"{""type"":""Point"",""coordinates"":[94.74276703568968,28.24019804026677]}"
2937,20270.64467280369,1000,0,0.025416065164350243,background,2026,"{""type"":""Point"",""coordinates"":[92.06589310824755,25.886321543961934]}"
2579,16384.42955017417,1000,0,0.025648572312899076,background,2026,"{""type"":""Point"",""coordinates"":[94.30036056850822,27.388462133662344]}"
2743,11722.591949363767,1000,0,0.02600147844591838,background,2026,"{""type"":""Point"",""coordinates"":[91.34078263705923,25.17947764552399]}"
2501,1022.1218237002998,1000,0,0.026228485060041162,background,2026,"{""type"":""Point"",""coordinates"":[88.64656728265403,27.576485278840803]}"
2088,21676.07121221981,1000,0,0.026919045017995358,background,2026,"{""type"":""Point"",""coordinates"":[96.67884054418148,27.900235752448644]}"
2636,1982.6794956763845,1000,0,0.026959191900933988,background,2026,"{""type"":""Point"",""coordinates"":[91.86158668942376,25.383080521349836]}"
1470,23948.90255902089,1000,0,0.02696037138115759,background,2026,"{""type"":""Point"",""coordinates"":[91.48384689830216,23.525988737729445]}"
829,7476.694994234863,1000,0,0.02709183696651718,background,2026,"{""type"":""Point"",""coordinates"":[93.02708060674045,27.28105419631596]}"
1928,13658.87303828771,1000,0,0.027835309285294763,background,2026,"{""type"":""Point"",""coordinates"":[91.9796816296037,25.451637803098297]}"
623,22826.52587781835,1000,0,0.02844226321927046,background,2026,"{""type"":""Point"",""coordinates"":[92.60339965764204,25.220539355213962]}"
2863,9520.938493078402,1000,0,0.028467640594230126,background,2026,"{""type"":""Point"",""coordinates"":[93.83538138076831,25.875121644981665]}"
366,7564.0005948298785,1000,0,0.028504968753067517,background,2026,"{""type"":""Point"",""coordinates"":[88.39377594885121,27.052313501224244]}"
2991,6874.783306226514,1000,0,0.03062657394628321,background,2026,"{""type"":""Point"",""coordinates"":[90.437690728056,25.49225975754963]}"
772,19092.789480652475,1000,0,0.031183321770985928,background,2026,"{""type"":""Point"",""coordinates"":[88.35532759081595,27.819406665586335]}"
2185,13371.601539819521,1000,0,0.03127715967355227,background,2026,"{""type"":""Point"",""coordinates"":[92.66128249227877,23.863022384623964]}"
112,19375.85164982521,1000,0,0.03153285661563299,background,2026,"{""type"":""Point"",""coordinates"":[88.74569598109034,27.826194875998286]}"
2711,9017.79173134165,1000,0,0.03164260276017483,background,2026,"{""type"":""Point"",""coordinates"":[92.24954876626119,27.251824035441523]}"
243,9536.268520011483,1000,0,0.03182029989926294,background,2026,"{""type"":""Point"",""coordinates"":[94.13771470436286,26.249021086587156]}"
384,24567.41782112272,1000,0,0.03191111812047598,background,2026,"{""type"":""Point"",""coordinates"":[90.49581174279446,25.767640137839006]}"
2229,2174.1523770489657,1000,0,0.032108016590305155,background,2026,"{""type"":""Point"",""coordinates"":[88.30407894462947,27.112991087359493]}"
2326,5272.341497247687,1000,0,0.03229397353683805,background,2026,"{""type"":""Point"",""coordinates"":[93.10538284115968,24.71442343749401]}"
553,12450.51203992978,1000,0,0.03235962658867375,background,2026,"{""type"":""Point"",""coordinates"":[92.35444141593511,27.410774392927397]}"
2938,10671.110348513104,1000,0,0.03349399711036327,background,2026,"{""type"":""Point"",""coordinates"":[96.37363460155201,28.123379063564126]}"
364,15871.338343154888,1000,0,0.03386565993994606,background,2026,"{""type"":""Point"",""coordinates"":[94.11096668485267,25.06086525263482]}"
2543,16094.563267051763,1000,0,0.0339957101072228,background,2026,"{""type"":""Point"",""coordinates"":[91.7077494821321,25.131165871108294]}"
157,17888.150104384,1000,0,0.034008116227192464,background,2026,"{""type"":""Point"",""coordinates"":[94.05218545840387,26.25983595237647]}"
2627,15590.9417978846,1000,0,0.03525655930867355,background,2026,"{""type"":""Point"",""coordinates"":[92.9598609555467,24.983467171229922]}"
2453,9176.578969545164,1000,0,0.03526018113472662,background,2026,"{""type"":""Point"",""coordinates"":[94.89954559214544,28.87038442577992]}"
258,20059.125865548795,1000,0,0.03546292081540292,background,2026,"{""type"":""Point"",""coordinates"":[88.86742216339707,27.57421572902798]}"
778,21244.773675821034,1000,0,0.03574392554524142,background,2026,"{""type"":""Point"",""coordinates"":[90.38999784161417,25.796960443065075]}"
726,23291.08358160879,1000,0,0.03577307628659521,background,2026,"{""type"":""Point"",""coordinates"":[90.65125803669173,25.573941286976623]}"
2281,5922.530049521068,1000,0,0.03604616249042314,background,2026,"{""type"":""Point"",""coordinates"":[93.86153497856586,24.74524598330144]}"
2534,8630.72904088424,1000,0,0.036500253135096195,background,2026,"{""type"":""Point"",""coordinates"":[92.21745064064817,27.19548066091717]}"
2943,10405.759511206963,1000,0,0.036603548844998834,background,2026,"{""type"":""Point"",""coordinates"":[92.39382454676755,25.256252295207734]}"
1619,12504.220313866805,1000,0,0.03676294455223128,background,2026,"{""type"":""Point"",""coordinates"":[94.46761689752702,28.457285950228215]}"
2429,23985.989270512422,1000,0,0.03690696666466675,background,2026,"{""type"":""Point"",""coordinates"":[92.1029942714586,25.9828670389093]}"
2478,10383.342236324619,1000,0,0.03713598022844833,background,2026,"{""type"":""Point"",""coordinates"":[90.52316301246769,25.548411096149056]}"
1105,4190.034453207508,1000,0,0.037406828880160226,background,2026,"{""type"":""Point"",""coordinates"":[94.00679381274799,25.13361496950988]}"
1877,15480.820489197442,1000,0,0.03749866245257982,background,2026,"{""type"":""Point"",""coordinates"":[91.67888598654993,23.706127790820304]}"
2574,14367.727857908785,1000,0,0.03829966764348003,background,2026,"{""type"":""Point"",""coordinates"":[94.82160113686628,25.559924734930526]}"
2719,4403.744373888717,1000,0,0.03880492888473086,background,2026,"{""type"":""Point"",""coordinates"":[91.98329069063031,25.22618421632594]}"
433,6571.487961292589,1000,0,0.039310885037245,background,2026,"{""type"":""Point"",""coordinates"":[93.76757927852736,25.18245496668109]}"
1139,8485.86638775549,1000,0,0.03983320457026818,background,2026,"{""type"":""Point"",""coordinates"":[88.46527075823542,27.80393642643048]}"
2798,2497.3082961473533,1000,0,0.03988586637409053,background,2026,"{""type"":""Point"",""coordinates"":[92.70000675164562,23.43640071578731]}"
5,13424.766081055932,1000,0,0.04021643251902829,background,2026,"{""type"":""Point"",""coordinates"":[93.36231925401098,24.91650594204416]}"
1588,19059.49734636436,1000,0,0.04050777119905702,background,2026,"{""type"":""Point"",""coordinates"":[94.06601326646867,27.550855322702326]}"
459,23305.983604437934,1000,0,0.0406960249581384,background,2026,"{""type"":""Point"",""coordinates"":[91.26158212440464,23.303738323290542]}"
659,14818.777995860952,1000,0,0.040904511708659386,background,2026,"{""type"":""Point"",""coordinates"":[91.65853349363209,24.005396681945086]}"
1686,22988.122932821752,1000,0,0.041134520627811644,background,2026,"{""type"":""Point"",""coordinates"":[95.55437713281141,27.408870747173875]}"
1362,22844.21762671558,1000,0,0.041472416732792894,background,2026,"{""type"":""Point"",""coordinates"":[92.9855527240197,26.74740628104224]}"
1534,16415.46884225792,1000,0,0.042710258958763236,background,2026,"{""type"":""Point"",""coordinates"":[91.71386086414972,25.857482056553113]}"
223,14181.820861965096,1000,0,0.04283978969307445,background,2026,"{""type"":""Point"",""coordinates"":[94.82551500999742,28.002272587780293]}"
1632,17130.139219536293,1000,0,0.04288412860333557,background,2026,"{""type"":""Point"",""coordinates"":[92.9144003886738,23.836019506801655]}"
2763,5590.52552180118,1000,0,0.04372062558398471,background,2026,"{""type"":""Point"",""coordinates"":[93.87804174397375,24.041865853936986]}"
1052,18275.363045528076,1000,0,0.04402843667536738,background,2026,"{""type"":""Point"",""coordinates"":[93.4967549686804,25.161260311805727]}"
1897,16458.983057676942,1000,0,0.0441706642287788,background,2026,"{""type"":""Point"",""coordinates"":[94.86987645728205,27.85215273272184]}"
2127,20647.534974595383,1000,0,0.04455548025879941,background,2026,"{""type"":""Point"",""coordinates"":[92.04336980293344,27.696904532225496]}"
2606,3314.7410899486445,1000,0,0.04466083978242785,background,2026,"{""type"":""Point"",""coordinates"":[93.79264856116748,24.545311894379754]}"
2775,7725.366392225761,1000,0,0.044733284794106654,background,2026,"{""type"":""Point"",""coordinates"":[88.33747964108957,27.042385209552315]}"
2222,16269.243988615119,1000,0,0.045303678517079615,background,2026,"{""type"":""Point"",""coordinates"":[94.87632014967562,28.079864272143897]}"
2655,11314.842181371867,1000,0,0.046360309005241795,background,2026,"{""type"":""Point"",""coordinates"":[94.94573875639405,26.118528789027483]}"
2244,12607.534446950982,1000,0,0.04692113896280736,background,2026,"{""type"":""Point"",""coordinates"":[95.05309659672348,28.034077042457643]}"
2040,7360.503137440927,1000,0,0.047091418562725584,background,2026,"{""type"":""Point"",""coordinates"":[92.82071511864423,22.16750814756493]}"
281,3996.643709890062,1000,0,0.04719227956126726,background,2026,"{""type"":""Point"",""coordinates"":[88.42406332094056,27.234707317841536]}"
2370,11378.897896579829,1000,0,0.047802068524763874,background,2026,"{""type"":""Point"",""coordinates"":[92.63592361117995,25.022701044349013]}"
2604,8200.706096096877,1000,0,0.0479588264420725,background,2026,"{""type"":""Point"",""coordinates"":[93.47490483018831,24.910615006213458]}"
2464,20089.620697205486,1000,0,0.04805805668504237,background,2026,"{""type"":""Point"",""coordinates"":[95.63153147854021,28.106354015914707]}"
2406,7686.589414138812,1000,0,0.0482383022384546,background,2026,"{""type"":""Point"",""coordinates"":[95.67402668664876,26.94073405613013]}"
2684,14287.518778224581,1000,0,0.0483106553308168,background,2026,"{""type"":""Point"",""coordinates"":[92.02991716834676,25.756177444080645]}"
227,23529.177758475438,1000,0,0.048354908437792,background,2026,"{""type"":""Point"",""coordinates"":[88.30158207551936,27.57749433392584]}"
1938,6988.044467603173,1000,0,0.04839018115375493,background,2026,"{""type"":""Point"",""coordinates"":[93.00359706736897,27.261089588459622]}"
837,18832.376765171688,1000,0,0.04840518298470231,background,2026,"{""type"":""Point"",""coordinates"":[94.25930677831857,24.505406679841187]}"
324,23650.964367615372,1000,0,0.04849071202220456,background,2026,"{""type"":""Point"",""coordinates"":[92.59958411867628,24.203969567277895]}"
880,2922.7986206969495,1000,0,0.048883590527952214,background,2026,"{""type"":""Point"",""coordinates"":[91.55094400516415,23.303776439184357]}"
1337,20479.118647970216,1000,0,0.049297404566847614,background,2026,"{""type"":""Point"",""coordinates"":[91.57760907987692,26.324735452539954]}"
2172,23563.196911346786,1000,0,0.04935107829898966,background,2026,"{""type"":""Point"",""coordinates"":[88.63074288694571,26.85278956081197]}"
1906,4201.432902304405,1000,0,0.049632249567151066,background,2026,"{""type"":""Point"",""coordinates"":[92.64076210345527,23.455757978671137]}"
2169,16059.54171468713,1000,0,0.049688597862068695,background,2026,"{""type"":""Point"",""coordinates"":[95.06358797859748,28.801103552402846]}"
2995,23791.713598146584,1000,0,0.050468709420952385,background,2026,"{""type"":""Point"",""coordinates"":[91.84981057632213,24.31769307868538]}"
1755,21226.95637874457,1000,0,0.05064185597443516,background,2026,"{""type"":""Point"",""coordinates"":[95.39828898495307,26.85899274189254]}"
579,23440.466454387206,1000,0,0.05069622808866825,background,2026,"{""type"":""Point"",""coordinates"":[92.15955057546249,27.354202886308038]}"
2941,22726.98848961807,1000,0,0.05115130310190741,background,2026,"{""type"":""Point"",""coordinates"":[91.96558747678483,24.307949894020147]}"
367,19205.874873486264,1000,0,0.051228204123123455,background,2026,"{""type"":""Point"",""coordinates"":[95.2413646496476,27.951310382865117]}"
641,12389.273452395215,1000,0,0.05178482131656659,background,2026,"{""type"":""Point"",""coordinates"":[94.52429303770974,27.865907385160575]}"
2666,5381.338151438748,1000,0,0.05275656639070647,background,2026,"{""type"":""Point"",""coordinates"":[92.60782790549978,27.23130757177408]}"
2903,20263.333776760894,1000,0,0.05286272077866949,background,2026,"{""type"":""Point"",""coordinates"":[88.80037973152577,27.770686268886383]}"
1279,17390.576667398604,1000,0,0.05325064283511194,background,2026,"{""type"":""Point"",""coordinates"":[94.0869446424743,24.701621175443798]}"
1061,11851.411638125826,1000,0,0.05353309448887078,background,2026,"{""type"":""Point"",""coordinates"":[94.67708636223499,26.177458977554185]}"
699,4721.443937973216,1000,0,0.054005707474014786,background,2026,"{""type"":""Point"",""coordinates"":[92.5866380006562,27.142872778117987]}"
1689,21863.760315642965,1000,0,0.054126147651589185,background,2026,"{""type"":""Point"",""coordinates"":[94.36043506110184,28.283721385927446]}"
2527,15910.10883100258,1000,0,0.05490402015090201,background,2026,"{""type"":""Point"",""coordinates"":[94.56937983589516,25.506723557007646]}"
2608,19410.915074284272,1000,0,0.055188711232715404,background,2026,"{""type"":""Point"",""coordinates"":[88.57708355812348,28.036904500170856]}"
2116,18698.092849521665,1000,0,0.055456823466452865,background,2026,"{""type"":""Point"",""coordinates"":[96.75252877317284,28.037279054630346]}"
2473,5639.517269389149,1000,0,0.05661754208169367,background,2026,"{""type"":""Point"",""coordinates"":[93.99035279876333,25.692688277282016]}"
914,20224.23134290213,1000,0,0.05690994506087066,background,2026,"{""type"":""Point"",""coordinates"":[94.10691163239908,24.801523804607708]}"
2086,19619.71592001741,1000,0,0.057153029332767,background,2026,"{""type"":""Point"",""coordinates"":[95.56049996680943,27.20121100638163]}"
2910,3382.8958562908515,1000,0,0.05743248790538369,background,2026,"{""type"":""Point"",""coordinates"":[92.85913157979527,25.103414312422323]}"
2564,9885.467197310789,1000,0,0.05743945470119971,background,2026,"{""type"":""Point"",""coordinates"":[93.66796061136655,25.540055198645096]}"
1746,22806.62265272223,1000,0,0.05744996266121949,background,2026,"{""type"":""Point"",""coordinates"":[93.05871444871438,23.596593129602304]}"
1108,2435.8143319620704,1000,0,0.057858494862452314,background,2026,"{""type"":""Point"",""coordinates"":[88.44361471765248,27.290224293247338]}"
280,12489.20493886117,1000,0,0.05895398967198562,background,2026,"{""type"":""Point"",""coordinates"":[94.64323127012003,27.615102490668747]}"
2214,19760.203320945737,1000,0,0.059535847314354684,background,2026,"{""type"":""Point"",""coordinates"":[95.47559743607835,28.111451592438595]}"
2285,18106.243966234524,1000,0,0.05982555792254163,background,2026,"{""type"":""Point"",""coordinates"":[93.56301653505282,28.011899116267596]}"
2801,22964.028090456402,1000,0,0.06002716729114532,background,2026,"{""type"":""Point"",""coordinates"":[93.16013465982674,26.372269375668896]}"
117,15928.418250379273,1000,0,0.060058836976961905,background,2026,"{""type"":""Point"",""coordinates"":[91.55024495582944,23.454763625703535]}"
391,7210.514837718912,1000,0,0.06007119920041093,background,2026,"{""type"":""Point"",""coordinates"":[91.65073513362469,25.55715608770064]}"
2361,15049.878556410007,1000,0,0.060191710976628676,background,2026,"{""type"":""Point"",""coordinates"":[94.07550353674574,24.99918013325707]}"
1161,18920.74072458967,1000,0,0.06047200317674917,background,2026,"{""type"":""Point"",""coordinates"":[93.25095521257532,25.060809809610106]}"
2416,3045.6136094155636,1000,0,0.061394669596880225,background,2026,"{""type"":""Point"",""coordinates"":[94.77708293594672,28.838282729066705]}"
468,24393.954426988614,1000,0,0.0614652526408761,background,2026,"{""type"":""Point"",""coordinates"":[94.8919550211949,26.448569048681424]}"
2641,9642.92199179881,1000,0,0.06158969578642581,background,2026,"{""type"":""Point"",""coordinates"":[94.18068061669143,27.60553874562107]}"
776,5480.4848120192255,1000,0,0.06175296531918617,background,2026,"{""type"":""Point"",""coordinates"":[88.47508411908873,27.46077154482609]}"
637,8517.95481755787,1000,0,0.06352616849726311,background,2026,"{""type"":""Point"",""coordinates"":[91.94648942892577,25.97413290421648]}"
580,5281.330408625782,1000,0,0.06379076151928376,background,2026,"{""type"":""Point"",""coordinates"":[95.08810498082983,28.094749730806907]}"
1363,5165.692452498394,1000,0,0.06434416151220079,background,2026,"{""type"":""Point"",""coordinates"":[93.09067845262727,25.13960058733947]}"
2560,11985.61366441788,1000,0,0.06511204919761204,background,2026,"{""type"":""Point"",""coordinates"":[92.86903129447789,23.7977178707116]}"
1192,8145.43826937959,1000,0,0.06518372307410791,background,2026,"{""type"":""Point"",""coordinates"":[91.95474551878202,25.751147876184664]}"
398,24055.262714092616,1000,0,0.06549617004846209,background,2026,"{""type"":""Point"",""coordinates"":[91.98937743503532,23.39790971188743]}"
2908,18562.384954613673,1000,0,0.06567042718528016,background,2026,"{""type"":""Point"",""coordinates"":[94.12406580162633,26.421592840523957]}"
2797,5174.184856152034,1000,0,0.06586656532918078,background,2026,"{""type"":""Point"",""coordinates"":[94.27904375519837,27.488065597783326]}"
2716,18473.27429597965,1000,0,0.06595803346912821,background,2026,"{""type"":""Point"",""coordinates"":[94.13251593064426,25.96039687875213]}"
1782,7497.094333832529,1000,0,0.06609152393942586,background,2026,"{""type"":""Point"",""coordinates"":[93.97936310586353,25.198362804786385]}"
1953,19733.74631317785,1000,0,0.06827944310282741,background,2026,"{""type"":""Point"",""coordinates"":[94.33916512717563,28.279782549764363]}"
2967,6691.909610460703,1000,0,0.06900736204027902,background,2026,"{""type"":""Point"",""coordinates"":[93.83186387520593,24.464243093388017]}"
1278,24373.494862513286,1000,0,0.06902111009625322,background,2026,"{""type"":""Point"",""coordinates"":[94.44734700330787,27.746624504711665]}"
1896,16529.319135575886,1000,0,0.06965224261690794,background,2026,"{""type"":""Point"",""coordinates"":[95.81369151499617,27.004571216179272]}"
1020,9639.296497692367,1000,0,0.07035316126414515,background,2026,"{""type"":""Point"",""coordinates"":[91.28518967650717,25.151078003512822]}"
54,21183.03388376311,1000,0,0.07036781337044729,background,2026,"{""type"":""Point"",""coordinates"":[94.5715089964679,28.56557703417367]}"
2255,17641.153377238417,1000,0,0.07039346026322313,background,2026,"{""type"":""Point"",""coordinates"":[88.50185836183802,26.800977979443687]}"
1920,14316.17163090993,1000,0,0.07074260865614379,background,2026,"{""type"":""Point"",""coordinates"":[92.87896895129931,22.19930742019127]}"
292,20312.65183951515,1000,0,0.07322631062216844,background,2026,"{""type"":""Point"",""coordinates"":[92.95961321159412,23.848401189877286]}"
2601,24950.96586174379,1000,0,0.07366573754489891,background,2026,"{""type"":""Point"",""coordinates"":[95.99736946073051,27.162180201966617]}"
2428,21859.2027138467,1000,0,0.07376251202917383,background,2026,"{""type"":""Point"",""coordinates"":[92.85648465714445,24.023074103719424]}"
2484,11856.515853876168,1000,0,0.07440116193257651,background,2026,"{""type"":""Point"",""coordinates"":[92.2351556395451,23.852812866394995]}"
543,7228.474953163057,1000,0,0.07458361611376119,background,2026,"{""type"":""Point"",""coordinates"":[90.35510706176937,25.253594980147135]}"
199,23119.24763626354,1000,0,0.07462128708651772,background,2026,"{""type"":""Point"",""coordinates"":[94.54794747643112,28.39209779918522]}"
2381,21061.14039242636,1000,0,0.07470593183084517,background,2026,"{""type"":""Point"",""coordinates"":[92.47315622055349,23.712148530285145]}"
1754,8758.109399261382,1000,0,0.07483337991547001,background,2026,"{""type"":""Point"",""coordinates"":[92.40088021852448,25.009608658103193]}"
1208,4578.739273249186,1000,0,0.07520544140390206,background,2026,"{""type"":""Point"",""coordinates"":[94.32579194259947,28.49300290024787]}"
887,13342.567069497876,1000,0,0.07560295493799918,background,2026,"{""type"":""Point"",""coordinates"":[88.777353158556,27.52593329710312]}"
1473,3869.992845639635,1000,0,0.075986011642037,background,2026,"{""type"":""Point"",""coordinates"":[92.84573791768749,23.72245084750847]}"
2155,17040.22364623395,1000,0,0.0762419451125308,background,2026,"{""type"":""Point"",""coordinates"":[92.98680738635755,23.59035562734751]}"
832,10544.343662850863,1000,0,0.0762606554877926,background,2026,"{""type"":""Point"",""coordinates"":[91.5429134072801,25.2939914277883]}"
294,24963.4957459424,1000,0,0.07634225962167185,background,2026,"{""type"":""Point"",""coordinates"":[96.81455259364458,28.024098273751235]}"
56,3898.897630733272,1000,0,0.0769584655608978,background,2026,"{""type"":""Point"",""coordinates"":[91.78473421691373,23.40041759608336]}"
1709,18958.810546060573,1000,0,0.0773140150976831,background,2026,"{""type"":""Point"",""coordinates"":[92.79775097392891,26.994584093471985]}"
1778,15878.013261660433,1000,0,0.07830395584537797,background,2026,"{""type"":""Point"",""coordinates"":[95.12596108452112,28.66132628578457]}"
784,3129.8351508956707,1000,0,0.07878469947416156,background,2026,"{""type"":""Point"",""coordinates"":[93.41178527757083,27.870434163016334]}"
55,15252.495770581363,1000,0,0.0791831989292946,background,2026,"{""type"":""Point"",""coordinates"":[92.25980580885233,27.318458949063604]}"
2705,22785.902071049597,1000,0,0.07921541193667181,background,2026,"{""type"":""Point"",""coordinates"":[88.2604649776888,26.786741833736368]}"
1303,6554.822821259121,1000,0,0.0793753355620046,background,2026,"{""type"":""Point"",""coordinates"":[92.85852900582944,27.315017094891214]}"
2394,24328.442278993556,1000,0,0.0797600724408587,background,2026,"{""type"":""Point"",""coordinates"":[88.30484703155146,27.90476680895552]}"
872,4050.1894405762973,1000,0,0.07991961224445865,background,2026,"{""type"":""Point"",""coordinates"":[93.29334673105686,24.7598451167445]}"
195,22284.58148187017,1000,0,0.08004382210605976,background,2026,"{""type"":""Point"",""coordinates"":[92.97636355949737,25.400834558083986]}"
920,19320.6866343444,1000,0,0.08091315005670963,background,2026,"{""type"":""Point"",""coordinates"":[94.67458766355468,28.09499014700142]}"
2258,4926.14786923685,1000,0,0.08105452577827221,background,2026,"{""type"":""Point"",""coordinates"":[94.90924743490247,25.739442463730267]}"
2263,1071.5631367964925,1000,0,0.0812270791969727,background,2026,"{""type"":""Point"",""coordinates"":[93.63020056412643,27.08936310574472]}"
2153,19666.813580559963,1000,0,0.08159708823041023,background,2026,"{""type"":""Point"",""coordinates"":[92.83121020033693,23.33958509344813]}"
698,21532.5826672636,1000,0,0.08168974762257197,background,2026,"{""type"":""Point"",""coordinates"":[92.13603742748657,23.90060286272936]}"
870,2610.1569309565216,1000,0,0.08190139330535673,background,2026,"{""type"":""Point"",""coordinates"":[93.78506857836824,25.54547174941736]}"
430,23338.865384292578,1000,0,0.08215342284972482,background,2026,"{""type"":""Point"",""coordinates"":[88.12462303131855,26.932818888619398]}"
2829,6153.973983010285,1000,0,0.08243152763593675,background,2026,"{""type"":""Point"",""coordinates"":[92.61056259298944,23.94801389450774]}"
905,18304.913817099434,1000,0,0.08244153721610126,background,2026,"{""type"":""Point"",""coordinates"":[95.0757709169432,25.59982511042306]}"
2180,17257.636387903283,1000,0,0.08245826366526643,background,2026,"{""type"":""Point"",""coordinates"":[88.66857550707908,27.976402078448263]}"
1985,7513.111596588446,1000,0,0.08256627473642508,background,2026,"{""type"":""Point"",""coordinates"":[92.63198934433828,27.17586104616839]}"
120,3426.855058922076,1000,0,0.08264148620067535,background,2026,"{""type"":""Point"",""coordinates"":[94.00707745379036,25.275205178333547]}"
1219,19180.93207970184,1000,0,0.08292470875934987,background,2026,"{""type"":""Point"",""coordinates"":[91.42377323450877,25.196381750020898]}"
520,4933.65668002005,1000,0,0.08300735760715239,background,2026,"{""type"":""Point"",""coordinates"":[91.74126468725689,23.848480378980977]}"
99,10417.777147594208,1000,0,0.08323000830463778,background,2026,"{""type"":""Point"",""coordinates"":[92.66072915503298,22.128591855355282]}"
1076,23288.347104115084,1000,0,0.08367660739017824,background,2026,"{""type"":""Point"",""coordinates"":[93.60223170805307,28.043259679287114]}"
2372,19398.66092997154,1000,0,0.08432893346247239,background,2026,"{""type"":""Point"",""coordinates"":[94.40701116438717,26.4675016785193]}"
1340,23699.592692582846,1000,0,0.08455865193071277,background,2026,"{""type"":""Point"",""coordinates"":[95.04906371651862,26.463695008409356]}"
1469,18282.304150188043,1000,0,0.08483539927221062,background,2026,"{""type"":""Point"",""coordinates"":[90.27299011649313,25.10535913138175]}"
73,15975.262989269011,1000,0,0.08594762995418137,background,2026,"{""type"":""Point"",""coordinates"":[94.3009627404788,25.438775089087994]}"
1065,12770.390171018424,1000,0,0.08617797344680667,background,2026,"{""type"":""Point"",""coordinates"":[93.73977060051632,25.30671888668249]}"
2476,1551.6213660343521,1000,0,0.08663285867377613,background,2026,"{""type"":""Point"",""coordinates"":[94.78810205654601,26.231663295808545]}"
102,7678.301456504806,1000,0,0.08847843144828282,background,2026,"{""type"":""Point"",""coordinates"":[88.266227733204,27.39773707330727]}"
2878,10467.359400768491,1000,0,0.08871551313766357,background,2026,"{""type"":""Point"",""coordinates"":[94.09043610673518,28.317086826685912]}"
325,6167.861834564702,1000,0,0.08876252717487387,background,2026,"{""type"":""Point"",""coordinates"":[94.16132888761061,26.198058513645588]}"
2265,10505.71656969492,1000,0,0.08898731868745291,background,2026,"{""type"":""Point"",""coordinates"":[91.76965061128186,25.83281453684147]}"
1909,1841.9623035764785,1000,0,0.08927690532288868,background,2026,"{""type"":""Point"",""coordinates"":[94.66988736472486,25.596584791881973]}"
675,17883.15173142582,1000,0,0.08936793540396504,background,2026,"{""type"":""Point"",""coordinates"":[93.14205598592834,26.415793282667806]}"
1888,19894.08170536537,1000,0,0.08969328844932278,background,2026,"{""type"":""Point"",""coordinates"":[93.4083568534575,27.651654020746534]}"
2294,8561.847395486473,1000,0,0.08989712845029707,background,2026,"{""type"":""Point"",""coordinates"":[94.2712590918474,24.597773303413728]}"
2785,3378.4905238106976,1000,0,0.09015107277093082,background,2026,"{""type"":""Point"",""coordinates"":[94.80329508645285,28.78055429039504]}"
405,12310.439043350707,1000,0,0.09021857849516657,background,2026,"{""type"":""Point"",""coordinates"":[92.69458912794508,24.90672507318949]}"
2217,4866.479348093242,1000,0,0.09038321124567017,background,2026,"{""type"":""Point"",""coordinates"":[96.53823434355704,28.031340306603134]}"
620,7552.90825678292,1000,0,0.0914153304286881,background,2026,"{""type"":""Point"",""coordinates"":[91.37472227566522,25.325116443129165]}"
1728,19033.86809403118,1000,0,0.09158994842886925,background,2026,"{""type"":""Point"",""coordinates"":[92.00485985684098,26.245996189486505]}"
1942,15733.401396881096,1000,0,0.09274547166518265,background,2026,"{""type"":""Point"",""coordinates"":[95.7033642509061,27.42057002803228]}"
705,10673.067885735578,1000,0,0.09299758470987185,background,2026,"{""type"":""Point"",""coordinates"":[95.51738041223788,26.854504566539212]}"
1907,11455.07774081776,1000,0,0.09356153462303518,background,2026,"{""type"":""Point"",""coordinates"":[94.53588934685224,26.119202149780687]}"
351,17933.735855415896,1000,0,0.09411303064454302,background,2026,"{""type"":""Point"",""coordinates"":[94.09418905663726,24.678784413922344]}"
1676,14457.61909015959,1000,0,0.0941775973641844,background,2026,"{""type"":""Point"",""coordinates"":[94.02198193202786,28.308260881181965]}"
1359,23844.46344597622,1000,0,0.09462695822098022,background,2026,"{""type"":""Point"",""coordinates"":[92.77005088019344,23.252012401494465]}"
2340,7598.783089316821,1000,0,0.09464244381643683,background,2026,"{""type"":""Point"",""coordinates"":[94.99517684927888,25.66412230984195]}"
862,19387.06846961973,1000,0,0.09474556779030496,background,2026,"{""type"":""Point"",""coordinates"":[90.44574786024795,25.73018538386498]}"
471,16814.53562923489,1000,0,0.09476509657215115,background,2026,"{""type"":""Point"",""coordinates"":[94.08407848279982,24.75278005728197]}"
1345,24130.4006385273,1000,0,0.09481203866648036,background,2026,"{""type"":""Point"",""coordinates"":[93.08379546527598,23.62090927419294]}"
2616,19768.883196068007,1000,0,0.09519509894976075,background,2026,"{""type"":""Point"",""coordinates"":[91.3818603324301,25.106324844362543]}"
1069,14326.240339541939,1000,0,0.0955486044057311,background,2026,"{""type"":""Point"",""coordinates"":[91.73011452858111,26.313555545020613]}"
2877,22553.788464739795,1000,0,0.09571461145087368,background,2026,"{""type"":""Point"",""coordinates"":[93.00366187852136,22.91187880218198]}"
2860,19240.62500752856,1000,0,0.09590347539985744,background,2026,"{""type"":""Point"",""coordinates"":[91.47546695329132,23.746964345575826]}"
815,4028.523047146818,1000,0,0.09606956567405289,background,2026,"{""type"":""Point"",""coordinates"":[93.45270250979384,24.854882272123824]}"
1379,22414.690729474867,1000,0,0.09607489112918066,background,2026,"{""type"":""Point"",""coordinates"":[92.47670371595572,26.86377796701124]}"
890,8045.112848371829,1000,0,0.09648085828817932,background,2026,"{""type"":""Point"",""coordinates"":[92.44215154685894,25.08145665514328]}"
229,19112.71669556629,1000,0,0.09691348598088745,background,2026,"{""type"":""Point"",""coordinates"":[92.07168124443477,25.546731826423752]}"
1197,15898.668973741815,1000,0,0.09707547095342728,background,2026,"{""type"":""Point"",""coordinates"":[95.1360698151251,26.098951044683858]}"
1805,14488.68302852016,1000,0,0.0975874688938676,background,2026,"{""type"":""Point"",""coordinates"":[92.74226989690885,27.08267551962425]}"
2982,13611.465493794083,1000,0,0.09779121931042789,background,2026,"{""type"":""Point"",""coordinates"":[92.67068463055124,27.363442540185165]}"
2044,23910.160802667622,1000,0,0.09815193336404071,background,2026,"{""type"":""Point"",""coordinates"":[91.04690372998435,25.35607193362297]}"
277,13025.733845969613,1000,0,0.09881608265201258,background,2026,"{""type"":""Point"",""coordinates"":[91.17776892249806,25.609952729815245]}"
2833,10119.221792413424,1000,0,0.09884636416534498,background,2026,"{""type"":""Point"",""coordinates"":[92.99699522920785,25.292591410959343]}"
2561,4965.942722011761,1000,0,0.09895351864437096,background,2026,"{""type"":""Point"",""coordinates"":[92.5611837528834,27.01586826573882]}"
1228,5964.46703976841,1000,0,0.09959765560400935,background,2026,"{""type"":""Point"",""coordinates"":[94.64533683786574,26.293737847902925]}"
1981,6340.224637850757,1000,0,0.09988070800412852,background,2026,"{""type"":""Point"",""coordinates"":[94.55249076396679,26.379457011096854]}"
174,12360.488081807822,1000,0,0.10010611206579856,background,2026,"{""type"":""Point"",""coordinates"":[91.64472341691594,23.320609275658324]}"
2578,11618.412317818322,1000,0,0.10064270550307375,background,2026,"{""type"":""Point"",""coordinates"":[95.10294065038643,28.27927394423546]}"
1294,21347.969286059415,1000,0,0.10068783967613737,background,2026,"{""type"":""Point"",""coordinates"":[92.69022741056014,21.949239695046842]}"
1296,23180.483920657567,1000,0,0.10083607062847466,background,2026,"{""type"":""Point"",""coordinates"":[95.93688525803674,28.387794456618984]}"
702,20371.746141818556,1000,0,0.10099795850324966,background,2026,"{""type"":""Point"",""coordinates"":[94.05257542108468,25.919684869912512]}"
2075,21083.731047696314,1000,0,0.10130182688254974,background,2026,"{""type"":""Point"",""coordinates"":[94.05884229880614,28.410133403600454]}"
1124,7501.844713885054,1000,0,0.10156236946641062,background,2026,"{""type"":""Point"",""coordinates"":[93.6973404464361,27.02773099296373]}"
2083,19485.6559326989,1000,0,0.10167257167259225,background,2026,"{""type"":""Point"",""coordinates"":[90.51610584734068,25.39079613274537]}"
2089,22030.67519452375,1000,0,0.101780640164436,background,2026,"{""type"":""Point"",""coordinates"":[90.19903823337461,25.071491881757638]}"
374,16247.685762610461,1000,0,0.10184542753863512,background,2026,"{""type"":""Point"",""coordinates"":[92.50748104832087,24.932963195131567]}"
2980,21047.91996255647,1000,0,0.10298543582251918,background,2026,"{""type"":""Point"",""coordinates"":[94.78562801434106,28.395696110455717]}"
1889,23992.38097464698,1000,0,0.1036675722223176,background,2026,"{""type"":""Point"",""coordinates"":[91.05611668253974,25.436375702365808]}"
674,19729.207527494822,1000,0,0.10447584867000337,background,2026,"{""type"":""Point"",""coordinates"":[91.92379223275705,23.510731101070512]}"
204,9625.77364281377,1000,0,0.1046716701882594,background,2026,"{""type"":""Point"",""coordinates"":[93.52688395027812,24.6866827126261]}"
176,20227.373413563473,1000,0,0.10490603862838455,background,2026,"{""type"":""Point"",""coordinates"":[95.9688436632088,28.301390525353078]}"
1107,23427.408600559553,1000,0,0.10502348123674088,background,2026,"{""type"":""Point"",""coordinates"":[92.74702511031283,23.248495634652944]}"
376,8416.845515415442,1000,0,0.10513588885606451,background,2026,"{""type"":""Point"",""coordinates"":[93.77567095464032,25.864463884933375]}"
687,4573.720998304356,1000,0,0.10522316709329682,background,2026,"{""type"":""Point"",""coordinates"":[92.76249354096977,23.68207451942438]}"
990,16237.139078554936,1000,0,0.10553340219806229,background,2026,"{""type"":""Point"",""coordinates"":[92.90688507721765,25.314493329132738]}"
2994,21510.28055816424,1000,0,0.10560601093155786,background,2026,"{""type"":""Point"",""coordinates"":[88.8580580426111,27.729954162884134]}"
1993,18341.8399533024,1000,0,0.10577339535203911,background,2026,"{""type"":""Point"",""coordinates"":[91.88609614216166,25.09473352611716]}"
2810,9909.879143384735,1000,0,0.106072958220511,background,2026,"{""type"":""Point"",""coordinates"":[91.49248954710978,25.59963185529605]}"
2380,14258.914321600203,1000,0,0.1066207400483773,background,2026,"{""type"":""Point"",""coordinates"":[95.3906543926181,28.044558080989123]}"
2506,2809.5636305610165,1000,0,0.10665261928668146,background,2026,"{""type"":""Point"",""coordinates"":[93.93811519877703,25.13752373463296]}"
1467,8688.19514278011,1000,0,0.1066903055676216,background,2026,"{""type"":""Point"",""coordinates"":[93.8958224748196,25.08552518937339]}"
2676,9230.616120585459,1000,0,0.10698363487401052,background,2026,"{""type"":""Point"",""coordinates"":[93.84878315934222,24.061376076165736]}"
123,5670.127819223646,1000,0,0.10737255545179725,background,2026,"{""type"":""Point"",""coordinates"":[94.16741659344048,28.282497067782614]}"
1564,7464.226631994967,1000,0,0.1074678395331572,background,2026,"{""type"":""Point"",""coordinates"":[93.26472701468063,27.219575844300117]}"
875,24950.47956730266,1000,0,0.10760185794159927,background,2026,"{""type"":""Point"",""coordinates"":[93.99444439417478,26.30147862324068]}"
2441,14005.224634533328,1000,0,0.10777277089214099,background,2026,"{""type"":""Point"",""coordinates"":[91.36080912018433,25.636260091868962]}"
497,5506.214707020072,1000,0,0.10821246186932865,background,2026,"{""type"":""Point"",""coordinates"":[92.46934525751885,24.78618066680026]}"
2973,18762.359348027716,1000,0,0.10827364330295641,background,2026,"{""type"":""Point"",""coordinates"":[93.5004460012246,25.2091486074577]}"
1576,13752.402822660308,1000,0,0.10867878096765737,background,2026,"{""type"":""Point"",""coordinates"":[94.29116455289285,24.552244072091636]}"
2552,14337.39120006005,1000,0,0.10880013655119547,background,2026,"{""type"":""Point"",""coordinates"":[96.66533887902885,27.973688572353154]}"
355,16657.64697326218,1000,0,0.1088419192526151,background,2026,"{""type"":""Point"",""coordinates"":[94.30787058906104,24.528441929048277]}"
1194,8943.96095974705,1000,0,0.109011071878516,background,2026,"{""type"":""Point"",""coordinates"":[94.1646346802394,26.328053091134365]}"
2826,20381.782900568334,1000,0,0.1090799882016934,background,2026,"{""type"":""Point"",""coordinates"":[93.44693868889411,26.93464006637582]}"
995,7544.701807552529,1000,0,0.10929274854898119,background,2026,"{""type"":""Point"",""coordinates"":[93.33862421520296,24.835251991230653]}"
