system:index,B11,B12,B2,B3,B4,B5,B6,B7,B8,B8A,NBR,NDMI,NDVI,NDWI,aspect,casualty,dem_source,district,elevation,event_date,event_day_of_year,event_month,event_time_raw,event_type,has_casualty,hls_cloud_cover,hls_date,hls_days_before_event,hls_image_count,hls_valid,hls_valid_image_count,landslide_name,landslide_target,location,rainfall_24h_mm,record_id,road_affected,road_affected_flag,slide_id,slide_no,slope,source,source_code,state,state_code,year,.geo
000000000000000000f4,0.19157126419302514,0.09620884529602591,0.031404121046228695,0.06094768349553932,0.04146112631792374,0.08825539841849141,0.24860225567721012,0.2975691757907542,0.2864741180048662,0.32126668187347923,0.4874572268022906,0.1900898081227879,0.7388528208674366,-0.6417056613884372,298.4175432155553,0,PART2,Ri Bhoi,880.5927124023438,2024-06-30,182.0,6.0,,3.0,0,,2024-06-24,5.814456018518518,364,1,5,Sumer Landslide,1,"GS Road, Ri Bhoi",129.27999877929688,LS-0245,NH 6,1,Newspapers & Media/2024/Meghalaya/92,34,27.765485533739025,Field Survey,2,Meghalaya,3,2024,"{""type"":""Point"",""coordinates"":[91.9063400712277,25.692127394468613]}"
000000000000000000f5,0.17389379880336675,0.09528732887131121,0.03301997768988944,0.060791349761687416,0.048090665246932354,0.08537245715444677,0.221452925666768,0.2640316651455227,0.25258084372781653,0.2822351080012168,0.451549026514703,0.18087594343255892,0.6773089015468121,-0.6066279963311529,186.3775504843321,0,PART2,Ri Bhoi,961.8806762695312,2024-06-30,182.0,6.0,,3.0,0,,2024-06-24,5.814456018518518,364,1,5,Umbang 4 Landslide,1,"GS Road, Ri Bhoi",8.600000381469727,LS-0246,NH 6,1,Newspapers & Media/2024/Meghalaya/93,35,9.345778505290104,Field Survey,2,Meghalaya,3,2024,"{""type"":""Point"",""coordinates"":[91.8995399421212,25.67938774275892]}"
000000000000000000f8,0.4004307302231239,0.29839158722109554,0.5097823732251524,0.5156678600405683,0.4976837373225153,0.4949695182555783,0.5307452738336719,0.5432690669371197,0.5360863235294122,0.5445304310344832,0.29732708154269716,0.15117916562983932,0.03699736343579849,-0.018652587141518677,99.43276024396636,0,PART2,Ri Bhoi,1038.870361328125,2024-07-01,183.0,7.0,,3.0,0,,2024-06-24,6.814456018518518,362,1,5,Umiam Dam Landslide,1,Near Umiam Dam,494.04998779296875,LS-0249,NH 6,1,Newspapers & Media/2024/Meghalaya/83,28,32.43519471833342,Field Survey,2,Meghalaya,3,2024,"{""type"":""Point"",""coordinates"":[91.89807735697566,25.653137014857286]}"
000000000000000000fd,0.47809587555735694,0.37677381941629523,0.5009070531009322,0.516904159910823,0.5086009323064451,0.5090811511957841,0.5542081830158087,0.5713044892582082,0.5641803607620591,0.5782757448317795,0.20598219975323553,0.08467889900130497,0.06397551909628164,-0.05294970509049381,14.745652185429948,0,PART2,Ri Bhoi,1082.5496826171875,2024-07-02,184.0,7.0,,3.0,0,,2024-06-24,7.814456018518518,364,1,5,Umiam 4 Landslide,1,"GS Road, Ri Bhoi",263.5299987792969,LS-0254,NH 6,1,Newspapers & Media/2024/Meghalaya/109,40,22.155332171832463,Field Survey,2,Meghalaya,3,2024,"{""type"":""Point"",""coordinates"":[91.8989825544895,25.649230842334465]}"
000000000000000000fe,0.4197636405109489,0.32879722729115973,0.4853538523925383,0.49692386455798865,0.4854445762368209,0.4849809965531223,0.5271832420924575,0.5439271289537713,0.5235663371857256,0.5492181924168693,0.23509165995744588,0.11324248400809443,0.04233359562361732,-0.028670996449963924,114.55555153221724,0,PART2,Ri Bhoi,1104.63427734375,2024-07-02,184.0,7.0,,3.0,0,,2024-06-24,7.814456018518518,364,1,5,Umiam 5 Landslide,1,"GS Road, Ri Bhoi",263.5299987792969,LS-0255,NH 6,1,Newspapers & Media/2024/Meghalaya/110,41,16.183100820659106,Field Survey,2,Meghalaya,3,2024,"{""type"":""Point"",""coordinates"":[91.89869271292103,25.650724641187363]}"
000000000000000000ff,0.34178481532147725,0.2546461721639558,0.28080148452145703,0.2944364138420223,0.28382510513249215,0.28819769975173526,0.3434420073972741,0.3619322541419668,0.36905067132796254,0.366663956021685,0.2328636316368703,0.06707555549518415,0.1842456309128539,-0.15411203723037378,207.7962559098305,0,PART2,Ri Bhoi,1124.28076171875,2024-07-02,184.0,7.0,,3.0,0,,2024-06-24,7.814456018518518,364,1,5,Umiam View Point Landslide,1,"GS Road, Ri Bhoi",263.5299987792969,LS-0256,NH 6,1,Newspapers & Media/2024/Meghalaya/111,42,27.46561345019772,Field Survey,2,Meghalaya,3,2024,"{""type"":""Point"",""coordinates"":[91.8939928204107,25.651023400957946]}"
00000000000000000100,0.23022328635165282,0.15510342222672882,0.12248901338470902,0.14519664368282292,0.13629135063881562,0.15558822754005266,0.25191413506388144,0.2840856367876697,0.2757692455891299,0.2969493003447575,0.3400903217758474,0.1285360083367664,0.37301533622581173,-0.3447629185323986,70.98554722022516,0,PART2,East Khasi Hills,1171.884033203125,2024-07-02,184.0,7.0,,3.0,0,,2024-06-24,7.814456018518518,364,1,5,Mawlai 2 Landslide,1,"GS Road, East Khasi Hills",263.5299987792969,LS-0257,NH 6,1,Newspapers & Media/2024/Meghalaya/112,43,13.44971042626455,Field Survey,2,Meghalaya,3,2024,"{""type"":""Point"",""coordinates"":[91.88939994632565,25.64138728358145]}"
00000000000000000101,0.22436767374664165,0.14430055254220103,0.10792829624372692,0.13146803365945164,0.1209191210016729,0.14402438789476357,0.2546755563440969,0.29136768388503076,0.2829153647285448,0.3064881685000254,0.3771719658939667,0.14725839979012112,0.4512254848461602,-0.4062841079439251,140.2830375084091,0,PART2,East Khasi Hills,1174.9417724609375,2024-07-02,184.0,7.0,,3.0,0,,2024-06-24,7.814456018518518,364,1,5,Mawlai 3 Landslide,1,"GS Road, East Khasi Hills",50.630001068115234,LS-0258,NH 6,1,Newspapers & Media/2024/Meghalaya/113,44,11.639931819325064,Field Survey,2,Meghalaya,3,2024,"{""type"":""Point"",""coordinates"":[91.88942670093198,25.640972587183484]}"
00000000000000000004,0.21654802411591847,0.10428166987536731,0.027612047826527507,0.07116111561455064,0.0449415695612524,0.11871544736042149,0.27804658526699766,0.32493924409767966,0.32785071435809093,0.35952645658121385,0.5149427893012862,0.20248855351847736,0.7569764405421389,-0.6431523382860121,82.92621015570552,0,PART2,West Kameng,2063.822998046875,2021-04-28,118.0,4.0,,2.0,0,,2021-04-26,1.8145949074074075,13,1,12,Membachur_Garbow_landslide,1,between Membachur and Garbow villages,0.5387250185012817,LS-0005,,0,Newspaper/2021/Arunachal Pradesh/14,14,36.78596923295876,Newspaper,0,Arunachal Pradesh,0,2021,"{""type"":""Point"",""coordinates"":[92.3039848667698,27.186595112530995]}"
00000000000000000013,0.16789604637035543,0.16010823124430512,0.4965360585197937,0.49813690898046015,0.4736182950288552,0.4840710235901595,0.5265772400526477,0.5556836488812396,0.5323334970132633,0.5576768907563028,0.5375312821834787,0.5204359742754265,0.05838291696225257,-0.03321002878849113,195.3964249979365,1,PART2,Tirap,1326.96044921875,2021-06-22,173.0,6.0,1:30,2.0,1,,2021-06-19,2.8292939814814817,20,1,20,Kuthong Landslide,1,Kuthong Village in Tirap District,96.874331,LS-0020,,0,Newspaper/2021/Arunachal Pradesh/11,11,23.437709630493423,Newspaper,0,Arunachal Pradesh,0,2021,"{""type"":""Point"",""coordinates"":[95.60361262789445,26.91194570134611]}"
00000000000000000043,0.21922236075211596,0.13708025442197558,0.055513937458821154,0.08832289797780148,0.08298260605139123,0.11750614768638187,0.27050663423039895,0.3361697937256095,0.31843202574628754,0.3662116111702398,0.40622088996880107,0.1864421312654611,0.6184315200571054,-0.6003418050161294,141.3113663563994,0,PART2,Lower Subansiri,1044.0313720703125,2021-09-09,252.0,9.0,,3.0,0,,2021-09-05,3.822326388888889,17,1,16,Raga landslide,1,Raga headquarters,3.679492950439453,LS-0068,,0,Newspaper/2021/Arunachal Pradesh/16,16,12.69807406062382,Newspaper,0,Arunachal Pradesh,0,2021,"{""type"":""Point"",""coordinates"":[94.07395368431827,27.794027235334557]}"
00000000000000000045,0.33438025548740286,0.20594571399604597,0.8488092816951388,0.8555354894307294,0.8222706392254269,0.7815514979469759,0.7990258376843918,0.8325589598012874,0.7645537638769195,0.8332676078471126,0.5760889713044437,0.39198683997068196,-0.03634616116373839,0.05618297994673825,148.24703771873635,0,PART2,West Kameng,777.1378784179688,2021-09-20,263.0,9.0,,2.0,0,,2021-09-18,1.8144560185185186,18,1,18,20_landslides_BCT_road,1,20 locations along BCT Road between Sessa and Nechiphu,0.0,LS-0070,,0,Newspaper/2021/Arunachal Pradesh/17,17,47.29645951625439,Newspaper,0,Arunachal Pradesh,0,2021,"{""type"":""Point"",""coordinates"":[92.56607299028713,27.10444063472231]}"
00000000000000000030,0.19088287234042564,0.1603161803444782,0.27042670719351564,0.2829826494427558,0.26931366261398176,0.27963191489361694,0.34288582066869316,0.381959493414387,0.3713012816616007,0.39108533941236057,0.39670505477656426,0.32060309527353076,0.15963054752779382,-0.13573318155136396,353.0290084334943,1,PART2,Kamrup metro,66.99681091308594,2021-08-06,218.0,8.0,14:30,2.0,1,,2021-08-04,1.8144791666666666,13,1,13,Borbari_landslide,1,Borbari,0.00963400024920702,LS-0049,,0,Newspaper/2021/Assam/75,75,8.679282354395369,Newspaper,0,Assam,1,2021,"{""type"":""Point"",""coordinates"":[91.81052290779125,26.15423741394037]}"
00000000000000000048,0.22844605016468214,0.1701061971117304,0.13564446414998738,0.162534380542184,0.15179680770205217,0.16974935393970106,0.25113044337471496,0.2895444489485686,0.2910618241702559,0.3015462123131492,0.26334828858686743,0.1207509622014886,0.31521463720393395,-0.28402206734496593,29.099160782962315,0,PART2,Kamrup metro,54.59192657470703,2021-10-20,293.0,10.0,,2.0,0,,2021-10-18,1.8138773148148148,20,1,20,Pandu_landslide,1,Guwahati,21.309879302978516,LS-0073,,0,Newspaper/2021/Assam/74,74,2.99661456193117,Newspaper,0,Assam,1,2021,"{""type"":""Point"",""coordinates"":[91.69016285215665,26.17025004582329]}"
0000000000000000000f,0.29248619641228335,0.19308676396067698,0.3545356795378533,0.36616781189824676,0.3461383044491739,0.3439653542110062,0.4091760058781799,0.44635296442687716,0.42537508361204013,0.4544013428600386,0.3753509894282283,0.18499254053114178,0.10368875909574188,-0.07585773185262545,256.2714919826252,0,PART1,Ukhrul,1873.399658203125,2021-06-16,167.0,6.0,,1.0,0,,2021-06-12,3.822349537037037,13,1,10,Mini_Secretariat_landslide,1,"Mini Secretariat Complex, Hamleikhong",0.0,LS-0016,,0,Newspaper/2021/Manipur/30,30,23.437737100988457,Newspaper,0,Manipur,2,2021,"{""type"":""Point"",""coordinates"":[94.35842203602287,25.09176740593582]}"
0000000000000000001e,0.54189682668424,0.3848940386272622,0.7487321032087999,0.7416107010695999,0.7090401429512851,0.71095207583515,0.7318223855629341,0.749784341258174,0.7300583008060021,0.75412298879708,0.30956954508969037,0.14793491053894794,0.014603039936967585,0.007855870106286472,293.9034969561884,3,PART1,Tamenglong,262.5234680175781,2021-07-19,200.0,7.0,14:50,1.0,1,,2021-07-17,1.822326388888889,8,1,8,Thingou_landslide,1,"8km towards Thingou, 15 km north from Nungba PS",48.191199,LS-0031,,0,Newspaper/2021/Manipur/29,29,22.10979771039799,Newspaper,0,Manipur,2,2021,"{""type"":""Point"",""coordinates"":[93.44024407900676,24.818353165742728]}"
00000000000000000046,0.15976924364632472,0.20977387510779685,0.8082637244457974,0.805508182417694,0.7627662202607418,0.7816191700908032,0.8073194592400953,0.817022863085274,0.8147430020798458,0.8085943489068129,0.5904924006588543,0.6721039489934744,0.03294870468864611,-0.005700268518095306,113.17706347645436,0,PART1,Chandel,1508.9569091796875,2021-10-09,282.0,10.0,,2.0,0,,2021-10-05,3.821863425925926,8,1,8,Khulmulen-Sajik landslide,1,Khulmulen-Sajik Road in Sajik Valley,0.09384900331497192,LS-0071,,0,Newspaper/2021/Manipur/32,32,22.103843962748524,Newspaper,0,Manipur,2,2021,"{""type"":""Point"",""coordinates"":[93.91582950186204,24.00521825224266]}"
00000000000000000002,0.13866136893302256,0.1077492299118452,0.02596818826628838,0.047062980038504405,0.05732801702300131,0.08313113790657616,0.1394844918431452,0.1637015705745263,0.1677658932009322,0.18590795420002024,0.21597731483405386,0.09623480798471927,0.488206162285583,-0.5600400890711633,205.3447888081092,0,PART2,East Khasi Hills,1294.05810546875,2021-02-24,55.0,2.0,,1.0,0,,2021-02-20,3.813645833333333,12,1,12,Sonapani_landslide,1,Sonapani Hydro-Electric Power Project,0.27638399600982666,LS-0003,,0,Newspaper/2021/Meghalaya/18,18,38.23284849684716,Newspaper,0,Meghalaya,3,2021,"{""type"":""Point"",""coordinates"":[91.86466085368114,25.585545961089146]}"
0000000000000000000e,0.5616720348866688,0.4204637594442472,0.5779552608894073,0.5867837837837839,0.5779571015668578,0.5679495918056892,0.6097419299224177,0.6352497540692663,0.5927644237107652,0.6482244612342172,0.1709821415025168,0.027469958104821796,0.01301354077703858,-0.0054238020758110225,119.41908031847656,4,PART1,Aizawl,886.4696044921875,2021-06-11,162.0,6.0,21:30:00,1.0,1,,2021-06-07,3.822326388888889,11,1,10,Thuampui landslide,1,Thuampui,17.590322494506836,LS-0015,,0,Newspaper/2021/Mizoram/35,35,34.63244234807314,Newspaper,0,Mizoram,4,2021,"{""type"":""Point"",""coordinates"":[92.74173927628762,23.741921712339842]}"
00000000000000000000,0.09294899645210339,0.06912323365433351,0.020018945767866204,0.0377260415610745,0.04230361885453624,0.05373508362899141,0.07986323365433354,0.09072011657374557,0.09032835783071465,0.09747512417638116,0.2423395381012152,0.06453886350161923,0.39761206321329523,-0.4210226763962177,219.30513329475164,0,PART2,Dimapur,220.1959381103516,2021-02-02,33.0,2.0,,3.0,0,,2021-01-28,4.819085648148148,11,1,11,TL Park landslide,1,Near TL Park between Chumoukedima and Nukioladong,0.0,LS-0001,,0,Newspaper/2021/Nagaland/37,37,17.586540514558234,Newspaper,0,Nagaland,5,2021,"{""type"":""Point"",""coordinates"":[93.80565403303349,25.79350059781765]}"
00000000000000000005,0.1980703217633646,0.13674985051938185,0.02140578667342285,0.05280590828477326,0.059784611097035735,0.08671527235875352,0.16557276919179126,0.19664395743602736,0.18981784646567015,0.22025203445654934,0.16654768461261044,-0.02270930731605194,0.5241898895313017,-0.5623743858366007,353.19526230657874,0,PART2,Dimapur,804.1127319335938,2021-05-10,130.0,5.0,07:00,1.0,0,,2021-04-28,11.82232638888889,10,1,10,Piphema_landslide,1,Piphema,2.610090970993042,LS-0006,,0,Newspaper/2021/Nagaland/45,45,35.689003159277625,Newspaper,0,Nagaland,5,2021,"{""type"":""Point"",""coordinates"":[93.9406800720329,25.766188603865295]}"
0000000000000000001c,0.15733276054339004,0.14958041869424166,0.7089683495539331,0.7270572181670723,0.7116131944444446,0.7063972120843469,0.7313795823195458,0.7566284975669096,0.7250225719789134,0.7605649482968369,0.6579524399370327,0.6433967506887007,0.009328718100756077,0.001406269487671287,333.17440217996733,0,PART2,Phek,1558.338623046875,2021-07-12,193.0,7.0,,2.0,0,,2021-07-07,4.8223263888888885,9,1,9,Losami_Phek_landslide,1,Landslide between Losami and Phek Village,1.3348829746246338,LS-0029,,0,Newspaper/2021/Nagaland/41,41,33.073867992085205,Newspaper,0,Nagaland,5,2021,"{""type"":""Point"",""coordinates"":[94.43881070981438,25.657787857256025]}"
0000000000000000002f,0.13006186736916764,0.15443656720198595,0.8748570849587112,0.8753573433304626,0.8334651400780183,0.8491158518668628,0.8586536602664774,0.8595079132681499,0.8574996352398804,0.8474062566492728,0.6947736724648477,0.7366037651347181,0.014213934641000433,0.010305174115794744,117.8953750431586,0,PART2,Wokha,681.3712768554688,2021-08-05,217.0,8.0,,3.0,0,,2021-08-01,3.822349537037037,18,1,16,Sanis_Doyang_landslide,1,Between Sanis and Doyang,8.485464096069336,LS-0048,,0,Newspaper/2021/Nagaland/44,44,37.43691741510169,Newspaper,0,Nagaland,5,2021,"{""type"":""Point"",""coordinates"":[94.22193787097898,26.208540346569233]}"
00000000000000000031,0.11952098515177614,0.14164286221051034,0.8204944002432475,0.8183905234885728,0.7768991942431461,0.7893867227486951,0.8052396442507473,0.8119791009983277,0.8091982567273097,0.8023903005118332,0.7020695906062859,0.7426113856935166,0.020363684390844114,0.005647858268299033,138.05477290304032,0,PART2,Wokha,1384.524658203125,2021-08-06,218.0,8.0,,2.0,0,,2021-08-01,4.822349537037037,10,1,9,Lower Etsuchuka Colony landslide,1,Lower Etsuchuka Colony,57.99448776245117,LS-0050,,0,Newspaper/2021/Nagaland/39,39,8.983991493441088,Newspaper,0,Nagaland,5,2021,"{""type"":""Point"",""coordinates"":[94.25462754080179,26.092898019849173]}"
00000000000000000032,0.11919738442822382,0.1422055150040551,0.818942102595296,0.8172494728304948,0.7760287662205999,0.7890643400243311,0.8055905058799677,0.8130246096918085,0.8075357613544201,0.8033765206812653,0.7005415034119938,0.7427634754369767,0.019896669890260524,0.005978107924063831,301.22464357554713,0,PART2,Wokha,1351.225341796875,2021-08-06,218.0,8.0,,2.0,0,,2021-08-01,4.822349537037037,10,1,9,Police_Point_landslide,1,Police Point,57.99448776245117,LS-0051,,0,Newspaper/2021/Nagaland/42,42,5.67291566312167,Newspaper,0,Nagaland,5,2021,"{""type"":""Point"",""coordinates"":[94.25428864912173,26.096246804740307]}"
00000000000000000033,0.11815745478494359,0.14059575459749732,0.8132066822027457,0.8120978874309738,0.7710406859516693,0.784007361061857,0.8013793454582296,0.808830979279599,0.8046749683367951,0.7992173261056794,0.7025272293571925,0.7439247985607514,0.021344488392537077,0.0045910568811685535,288.9735287881771,0,PART2,Wokha,1189.765869140625,2021-08-06,218.0,8.0,,2.0,0,,2021-08-01,4.822349537037037,10,1,9,Airfield_colony_landslide,1,Airfield Colony,57.99448776245117,LS-0052,,0,Newspaper/2021/Nagaland/43,43,15.858148346804628,Newspaper,0,Nagaland,5,2021,"{""type"":""Point"",""coordinates"":[94.24695788698986,26.091212479650963]}"
00000000000000000008,0.5026384697184526,0.32601859935183314,0.7773723820133682,0.7759862821551553,0.7473698703666196,0.7501275116467492,0.7606834919991897,0.7781030281547503,0.7566313702653433,0.7797753342110597,0.3977562110787618,0.20170692323011405,0.0061626017386129245,0.012631032637891917,239.33368230287056,0,PART2,East Sikkim,1591.645263671875,2021-06-01,152.0,6.0,,1.0,0,,2021-05-29,2.807650462962963,12,1,11,Seesa Golai Landslide,1,Seesa Golai,50.510061,LS-0009,,0,Newspaper/2021/Sikkim/67,67,25.480757576297734,Newspaper,0,Sikkim,6,2021,"{""type"":""Point"",""coordinates"":[88.6102305408342,27.326816004257658]}"
0000000000000000000d,0.39838720806525163,0.28827165003292965,0.4922621409392572,0.5009629464511881,0.488436004863468,0.49037238968539437,0.5242197325092458,0.547937382846142,0.5407247378286641,0.554979279598764,0.31341883878241594,0.15752152723543036,0.053001447890387694,-0.03849570212882318,212.0324292362287,1,PART2,East Sikkim,1615.595703125,2021-06-09,160.0,6.0,,1.0,1,,2021-06-08,0.807650462962963,13,1,11,Tashi Namgyal Secondary School Landslide,1,,66.071349,LS-0014,,0,Newspaper/2021/Sikkim/68,68,9.696395541775876,Newspaper,0,Sikkim,6,2021,"{""type"":""Point"",""coordinates"":[88.60827299547174,27.343270087144877]}"
00000000000000000023,0.23671117921183274,0.1406534089757877,0.05576604700638232,0.0869330614932631,0.07677541282544832,0.10717235842366525,0.23039323776719686,0.29731551008003254,0.27888350724344024,0.32614532468848134,0.31527580364786145,0.06748252780423894,0.5521752622222972,-0.5087387268096895,17.033882134813155,0,PART2,South Sikkim,243.26568603515625,2021-07-29,210.0,7.0,,1.0,0,,2021-07-28,0.807650462962963,23,1,21,Melli Secondary School Landslide,1,Melli Secondary School,33.11083221435547,LS-0036,,0,Newspaper/2021/Sikkim/54,54,2.6980590825541637,Newspaper,0,Sikkim,6,2021,"{""type"":""Point"",""coordinates"":[88.45744390233895,27.090965231338796]}"
00000000000000000024,0.24419367050119084,0.14651229412658998,0.059819966553489055,0.08976182536867179,0.07997720062838896,0.11046451122485171,0.23587711447828505,0.3040887852835353,0.28855738103684186,0.33263049713677595,0.31804730008216087,0.07303490968335863,0.5547653676140687,-0.5132884285488662,49.397417027857614,1,PART2,South Sikkim,253.4198455810547,2021-07-30,211.0,7.0,,2.0,1,,2021-07-28,1.807650462962963,23,1,21,Melli Bazaar Landslide,1,Melli Bazaar,95.820024,LS-0037,,0,Newspaper/2021/Sikkim/55,55,22.724154735606767,Newspaper,0,Sikkim,6,2021,"{""type"":""Point"",""coordinates"":[88.45681516909039,27.090724439881914]}"
00000000000000000012,0.5027807912466441,0.34386550833291113,0.8539404994681113,0.8500098070006582,0.8185197203789062,0.8277877969707714,0.8397767286358334,0.8473765260118532,0.8359741299832832,0.8429440200597735,0.4170767980387037,0.24886796528308872,0.010542057720191872,0.008334010531036124,271.7567949759658,2,PART2,Kalimpong,471.8810119628906,2021-06-18,169.0,6.0,,2.0,1,,2021-06-13,4.807627314814815,24,1,22,Bhalukhola_landslide,1,Bhalu Khola,5.959683895111084,LS-0019,,0,Newspaper/2021/Sikkim-West Bengal/60,60,21.39093285493967,Newspaper,0,Sikkim/West Bengal,6,2021,"{""type"":""Point"",""coordinates"":[88.46469440065185,27.09117034998726]}"
00000000000000000026,0.2527846863281644,0.1975694182628965,0.08170516874429919,0.12172248910509778,0.1270026147765278,0.16267261072261063,0.2950320259450694,0.3578371794871794,0.33988645484949825,0.37893923178271,0.2651114901214351,0.14687217997459331,0.4572668523788833,-0.47540674667563165,287.97953062032354,2,PART2,Kalimpong,381.1495361328125,2021-07-30,211.0,7.0,,2.0,1,,2021-07-28,1.807650462962963,14,1,12,Mamkhola Landslide,1,Mamkhola,27.444981,LS-0039,,0,Newspaper/2021/Sikkim-West Bengal/56,56,48.37463962810723,Newspaper,0,Sikkim/West Bengal,6,2021,"{""type"":""Point"",""coordinates"":[88.53193318543674,27.142900381308284]}"
00000000000000000027,0.16786824858184762,0.09041559967585083,0.04659385129659642,0.08272731462722852,0.06619978221231765,0.09774376012965963,0.22896467787682329,0.3005280895461912,0.26801110717179893,0.3208733944489464,0.48335673237507315,0.22692593894488972,0.5809478600610168,-0.5047416155837379,264.0785243617712,0,PART2,Kalimpong,250.74917602539065,2021-07-30,211.0,7.0,,2.0,0,,2021-07-28,1.807650462962963,23,1,21,Melli 2 Landslide,1,near Melli,95.820024,LS-0040,,0,Newspaper/2021/Sikkim-West Bengal/57,57,52.818574803498485,Newspaper,0,Sikkim/West Bengal,6,2021,"{""type"":""Point"",""coordinates"":[88.46675450533853,27.108707994430457]}"
00000000000000000028,0.26243231018588864,0.1837831788481994,0.16098513903662062,0.1887256951831029,0.18718277364129063,0.21551580813452884,0.3339753330294282,0.3937219875398877,0.3807041888264196,0.4129219672795422,0.348666576777381,0.18386708581881034,0.34271534738780673,-0.3396852909416629,287.6965485344108,0,PART2,South Sikkim,442.6162414550781,2021-07-30,211.0,7.0,,2.0,0,,2021-07-28,1.807650462962963,23,1,21,Melli_Jorethang_landslide,1,Between Melli and Jorethang,63.980069,LS-0041,,0,Newspaper/2021/Sikkim-West Bengal/58,58,22.242244978473213,Newspaper,0,Sikkim/West Bengal,6,2021,"{""type"":""Point"",""coordinates"":[88.3259271758686,27.111334404950945]}"
0000000000000000003f,0.41148444849959476,0.2963474706001623,0.26317400141930275,0.30148342457420935,0.30100460766423376,0.29971927210056776,0.39968153386050315,0.47642615571776215,0.43751784266017857,0.5007133008921332,0.2014772918041222,0.036479107789295084,0.1939118015972095,-0.19056270026481023,81.5660521065148,1,PART1,South,26.304155349731445,2021-08-26,238.0,8.0,,2.0,1,,2021-08-24,1.8145949074074075,8,1,7,Sarsima Landslide,1,Sarsima area of Belonia in South Tripura,78.381047,LS-0064,,0,Newspaper/2021/Tripura/70,70,5.334689138846076,Newspaper,0,Tripura,7,2021,"{""type"":""Point"",""coordinates"":[91.48072333477734,23.24630154845144]}"
00000000000000000006,0.31297970088719873,0.2368229759188846,0.13366852724968312,0.16598082129277558,0.18631790114068444,0.1976777794676806,0.249762732572877,0.2816174093789607,0.2630747275031685,0.3050706666666667,0.05187158819225898,-0.08750650166565987,0.1760965416111849,-0.2347754417909866,341.7516821195676,0,PART2,West Kameng,1310.51025390625,2021-05-25,145.0,5.0,,3.0,0,,2021-05-21,3.8145717592592594,12,1,11,Nechipu_Saddle_landslide,1,80.3-km between Nechiphu and Saddle,0.01055699959397316,LS-0007,BCT Road,1,Newspaper/2021/Arunachal Pradesh/10,10,28.03227628663524,Newspaper,0,Arunachal Pradesh,0,2021,"{""type"":""Point"",""coordinates"":[92.47976708939768,27.208119193315984]}"
00000000000000000009,0.17555299335935523,0.22054862371369197,0.9403780503877938,0.9511257210929183,0.9150614741217622,0.9273621635322147,0.9262758250114066,0.9293714502965482,0.9085658843209813,0.917904993156587,0.6093460445482808,0.6761448555476542,-0.003557839286606072,0.022885072656259362,83.36078793835992,2,PART2,West Kameng,1272.074462890625,2021-06-05,156.0,6.0,9:30,2.0,1,,2021-05-31,4.814571759259259,10,1,10,BCT Road Landslide,1,"77.200 km in Bhalukpong-Charduar-Tawang (BCT) road near Saddle, Nechiphu",0.0,LS-0010,BCT Road,1,Newspaper/2021/Arunachal Pradesh/8,8,7.708982255727231,Newspaper,0,Arunachal Pradesh,0,2021,"{""type"":""Point"",""coordinates"":[92.43801206713322,27.326762495045017]}"
0000000000000000001b,0.4368384724473259,0.31141066146677465,0.49840362641815233,0.5052246758508911,0.4831782769448948,0.4736636801053485,0.567336836507293,0.6264515852917343,0.5671740478119932,0.6480270056726096,0.29088001866798424,0.12959070056703412,0.08160125083445521,-0.05981021776913025,250.60999958429096,0,PART2,Upper Subansiri,508.3262939453125,2021-07-08,189.0,7.0,,2.0,0,,2021-07-07,0.8223263888888889,14,1,14,Tode landslide,1,Tode Village,73.121865,LS-0028,Trans Arunachal Highway,1,Newspaper/2021/Arunachal Pradesh/7,7,36.41666694747667,Newspaper,0,Arunachal Pradesh,0,2021,"{""type"":""Point"",""coordinates"":[94.46780824396494,27.965814103418563]}"
00000000000000000035,0.24234763568246256,0.2695469775212636,0.8660453624949369,0.8824970534629404,0.8579687778452815,0.8812212991089508,0.8755957624544354,0.8678523592547588,0.8470068094370192,0.8521592750101259,0.517349307480734,0.5553009819060734,-0.006557650021066621,0.0205673212373434,108.46718062583454,0,PART2,Upper Siang,698.128662109375,2021-08-13,225.0,8.0,,3.0,0,,2021-08-11,1.822349537037037,22,1,22,Tuting_Yingkiong_landslide,1,Between Tuting and Yingkiong,75.210383,LS-0054,Yingkiong Road,1,Newspaper/2021/Arunachal Pradesh/2,2,22.606030947409664,Newspaper,0,Arunachal Pradesh,0,2021,"{""type"":""Point"",""coordinates"":[94.74864688741202,28.84960793221154]}"
0000000000000000003d,0.46514447824764216,0.3154532653889057,0.5550090609471655,0.5624533160937027,0.5447247185883782,0.5341355846263056,0.5777704543149785,0.6210087820707839,0.5697566778217222,0.6280723456038942,0.28729730218960087,0.10107623229609504,0.023012643902640694,-0.006989027246732615,158.803526542084,0,PART2,Nagaon,100.78919219970705,2021-08-25,237.0,8.0,,3.0,0,,2021-08-21,3.822349537037037,7,1,7,Burapahar Landslide,1,Kaliabor,37.999534606933594,LS-0062,NH 39,1,Newspaper/2021/Assam/73,73,31.209656526103974,Newspaper,0,Assam,1,2021,"{""type"":""Point"",""coordinates"":[93.11099743452348,26.57476185698769]}"
0000000000000000002d,0.43570330427731585,0.31626558889114126,0.504210961889317,0.5023965791607541,0.4721362304885466,0.46780317757956585,0.5387264342185281,0.591480600040543,0.5765475167241031,0.6015486468680312,0.29340708880803346,0.14024055360606782,0.10232983644636802,-0.0712995073240834,36.819352604808046,0,PART1,Tamenglong,829.8587646484375,2021-08-02,214.0,8.0,3:30,1.0,0,,2021-08-01,0.8223495370370371,17,1,17,Lamlenkon_landslide,1,Lamlenkon in Tujang Waichong,7.934080123901367,LS-0046,Imphal-Tamenglong Road,1,Newspaper/2021/Manipur/23,23,10.942929034340336,Newspaper,0,Manipur,2,2021,"{""type"":""Point"",""coordinates"":[93.8577006605293,25.241120536619942]}"
00000000000000000038,0.3458802270768917,0.23135934411272743,0.4095679101829792,0.3897847382026458,0.34911700542348817,0.35375586192913966,0.44271618429722726,0.4865013482690454,0.5234147752040138,0.4963422626590296,0.38581871499519,0.2059755119566444,0.22486205606362847,-0.17025201701007567,81.18442001701595,0,PART1,Tamenglong,368.7687072753906,2021-08-16,228.0,8.0,,3.0,0,,2021-08-06,9.82232638888889,9,1,9,Awang_khul_landslide,1,5 km away from Awang Khul Village,4.36873722076416,LS-0057,NH 37,1,Newspaper/2021/Manipur/25,25,17.949198083624726,Newspaper,0,Manipur,2,2021,"{""type"":""Point"",""coordinates"":[93.56118827687938,24.826040655958874]}"
0000000000000000003a,0.5099901394876997,0.3870058128328685,0.657126416434187,0.6615788536647221,0.63813494293685,0.6360732640121732,0.6878985087496828,0.7221952066954095,0.6745597260968803,0.7350880953588637,0.27105441629463894,0.13907415923842684,0.027769706125755796,-0.009719106018625143,9.39613177429925,0,PART1,Churachandpur,755.6665649414062,2021-08-20,232.0,8.0,,2.0,0,,2021-08-06,13.82232638888889,8,1,8,S_Kholop_landslide,1,S Kholop village,101.288447,LS-0059,Henglep to Churachandpur road,1,Newspaper/2021/Manipur/24,24,15.903447357413867,Newspaper,0,Manipur,2,2021,"{""type"":""Point"",""coordinates"":[93.50937352263833,24.503656567996842]}"
00000000000000000019,0.1537375885090027,0.06621197147481288,0.01602206150111269,0.04664212522759456,0.030076942140400565,0.06774489682379123,0.22431938094274737,0.3037601051992719,0.28239983309730926,0.3249542686627555,0.6142790533527012,0.29220705419256665,0.7972570198383674,-0.7061721775893937,322.43211232778225,0,PART1,West Garo Hills,289.78106689453125,2021-06-30,181.0,6.0,,1.0,0,,2021-06-25,4.814479166666667,32,1,32,Tura_dalu_stretch,1,Tura-Dalu stretch,107.621934,LS-0026,NH 51,1,Newspaper/2021/Meghalaya/19,19,27.68125635351838,Newspaper,0,Meghalaya,3,2021,"{""type"":""Point"",""coordinates"":[90.21466860907667,25.499355996827095]}"
00000000000000000021,0.265593551165147,0.20597345997973668,0.5364440425531916,0.5482927811550153,0.5197813424518744,0.5344350050658565,0.5961238601823712,0.6310594072948329,0.6174531357649444,0.6387808257345494,0.500326233751075,0.3997057469850426,0.08629739854464596,-0.05988351589316813,233.1724750362776,0,PART2,Tuensang,2220.95458984375,2021-07-20,201.0,7.0,,3.0,0,,2021-07-12,7.822349537037037,9,1,9,Wangshu_PwD_Road_landslide,1,Wangshu Village,43.889829,LS-0034,PWD Road connecting Tobu to ITC Pangsha,1,Newspaper/2021/Nagaland/40,40,14.35055969014902,Newspaper,0,Nagaland,5,2021,"{""type"":""Point"",""coordinates"":[94.7671164839754,26.046657141924936]}"
00000000000000000029,0.2567562864237573,0.1811369229209953,0.4198956620888867,0.4298437338468556,0.407232108650484,0.4047108447777834,0.4849673693812397,0.5280296153651245,0.49593167789996445,0.5405004054122533,0.4649255446213371,0.3178238212644183,0.1010196882222534,-0.07412974520893924,18.51950197721368,0,PART2,Phek,1417.4619140625,2021-07-31,212.0,7.0,,3.0,0,,2021-07-27,3.822326388888889,10,1,9,Pfutsero-Khomi-Phek landslide,1,,62.610599517822266,LS-0042,Pfutsero-Khomi-Phek,1,Newspaper/2021/Nagaland/48,48,32.219010054713706,Newspaper,0,Nagaland,5,2021,"{""type"":""Point"",""coordinates"":[94.40942523387217,25.659723107113223]}"
0000000000000000002a,0.3842293953676955,0.28869599108002636,0.36999549946784244,0.4006424712381532,0.39481007044751915,0.41180411028331065,0.5275920227053875,0.5871882570574226,0.5173073944554257,0.6108126095991082,0.28429537967113994,0.14928145944496546,0.14072979039554695,-0.13179889642373735,13.8062061629833,0,PART2,Phek,1922.3502197265625,2021-07-31,212.0,7.0,,3.0,0,,2021-07-27,3.822326388888889,10,1,9,Pfutsero-Lanye Landslide,1,,37.740973,LS-0043,Pfutsero-Lanye,1,Newspaper/2021/Nagaland/49,49,24.53452787436523,Newspaper,0,Nagaland,5,2021,"{""type"":""Point"",""coordinates"":[94.40294616004152,25.723470415773285]}"
0000000000000000003b,0.371848480243161,0.2722513627152989,0.4608373961499493,0.4605409118541034,0.4355002279635257,0.433423237082067,0.4861360688956436,0.5261541185410336,0.5189024417426547,0.5313678216818639,0.31367565823988314,0.16598247173158048,0.08911287409852343,-0.06127596303466621,214.01527168194028,0,PART2,East Sikkim,1317.3302001953125,2021-08-24,236.0,8.0,,1.0,0,,2021-08-17,6.807650462962963,11,1,11,Samsing Shanti Turn Landslide,1,Samsing Shanti turn,6.267920970916748,LS-0060,Pakyong to Assam Lingsey Road,1,Newspaper/2021/Sikkim/52,52,35.22415843072704,Newspaper,0,Sikkim,6,2021,"{""type"":""Point"",""coordinates"":[88.61499286075929,27.25022202546262]}"
0000000000000000003c,0.5428158881345627,0.3615954605329819,0.837679759854089,0.8580470615057245,0.830702918228797,0.8114203769378862,0.8309266997669467,0.8666373948728336,0.8179712331543214,0.8709719475124126,0.38698070320556,0.20223181964909723,-0.007737620398417122,0.0239352350568302,24.41387513789624,0,PART2,West Sikkim,1585.6839599609375,2021-08-24,236.0,8.0,,1.0,0,,2021-08-20,3.8007060185185186,23,1,23,Muneew Taryebhir Landslide,1,Muneew Taryabhir stretch,8.109331130981445,LS-0061,Soreng Sombaria Road,1,Newspaper/2021/Sikkim/53,53,33.20556237893245,Newspaper,0,Sikkim,6,2021,"{""type"":""Point"",""coordinates"":[88.15208912130001,27.162400030215007]}"
00000000000000000042,0.39912525083612005,0.2903094253572514,0.7016877977095368,0.7183464173507651,0.7044762541806017,0.707964492753623,0.7300645180906046,0.7565480439850001,0.7217747694334647,0.7559156126482212,0.4263298958475455,0.2879358626302713,0.012100407391123622,-0.002367179621114699,60.132378900927165,0,PART2,West Sikkim,1114.4383544921875,2021-08-29,241.0,8.0,,3.0,0,,2021-08-27,1.807650462962963,23,1,23,Bongten-Changay Landslide,1,Upper Bongten and Changay,12.638664245605469,LS-0067,Bongten-Changay road,1,Newspaper/2021/Sikkim/69,69,6.754316450323801,Newspaper,0,Sikkim,6,2021,"{""type"":""Point"",""coordinates"":[88.15823376255166,27.26428157108414]}"
